URL,Laatst gecrawld
https://www.treasurejuwelier.nl/treasure-collection-tc-881546-zilveren-figaro-ketting-heren-6-mm,2025-01-18
https://www.treasurejuwelier.nl/silk-jewellery-345-shiva-zilveren-armband,2025-01-18
https://www.treasurejuwelier.nl/treasure-collection-tc-46441-14-karaat-gouden-armband-5-mm-met-gourmet-schakel-en-zilveren-kern,2025-01-18
https://www.treasurejuwelier.nl/tc-882179-14k-gouden-met-zilveren-kern-slavenarmband-recht,2025-01-18
https://www.treasurejuwelier.nl/885703-goudkleurige-oorhangers,2025-01-18
https://www.treasurejuwelier.nl/treasure-collection-tc-881545-zilveren-figaro-armband-heren-6-mm,2025-01-18
https://www.treasurejuwelier.nl/884253-zilveren-graveerring,2025-01-18
https://www.treasurejuwelier.nl/excellent-jewelry-rp117403-14k-gouden-ring-met-diamant,2025-01-18
https://www.treasurejuwelier.nl/seiko-prospex-ssc915p1-solar-speedtimer-chronograaf,2025-01-18
https://www.treasurejuwelier.nl/excellent-jewelry-om127770-14k-gouden-oorringen,2025-01-18
https://www.treasurejuwelier.nl/swarovski-matrix-ring-parel-en-zirkonia,2025-01-18
https://www.treasurejuwelier.nl/884411-zilveren-kinderring-hartje,2025-01-18
https://www.treasurejuwelier.nl/excellent-jewelry-rg413914-14-karaat-gouden-ring-met-0-15-ct-diamant,2025-01-18
https://www.treasurejuwelier.nl/treasure-collection-tc-881598-14-karaat-gouden-zegelring-met-onyx-15-mm,2025-01-18
https://www.treasurejuwelier.nl/treasure-collection-tc-48510-14-karaat-gouden-creolen,2025-01-18
https://www.treasurejuwelier.nl/swarovski-matrix-tennisarmband-goudkleurig,2025-01-18
https://www.treasurejuwelier.nl/excellent-jewelry-ow137891-14k-oorhangers,2025-01-18
https://www.treasurejuwelier.nl/silk-358-connect-zilveren-armband,2025-01-18
https://www.treasurejuwelier.nl/thoj0723-14-karaat-gouden-collier,2025-01-18
https://www.treasurejuwelier.nl/884233-14k-gouden-aanschuifring-schakelmotief,2025-01-18
https://www.treasurejuwelier.nl/treasure-collection-tc-33604-9-karaat-gouden-baby-naamplaat-armband,2025-01-18
https://www.treasurejuwelier.nl/jackie-jkn22203-positano-14k-gouden-collier,2025-01-18
https://www.treasurejuwelier.nl/treasure-collection-tc-59525-zilveren-tennisarmband-met-zirkonia-16-19-cm,2025-01-18
https://www.treasurejuwelier.nl/treasure-collection-tc-53119-14-karaat-gouden-ring-open,2025-01-18
https://www.treasurejuwelier.nl/treasure-collection-tc-881469-zilveren-heren-graveer-armband-11-mm,2025-01-18
"https://www.treasurejuwelier.nl/excellent-jewelry-rg216466-14-karaat-witgouden-ring-met-saffier-en-0,10-ct-diamant",2025-01-18
https://www.treasurejuwelier.nl/tommy-hilfiger-jewels-tj2790420-stalen-zwarte-schakelarmband-19-cm,2025-01-18
https://www.treasurejuwelier.nl/swer10196-y14-happiness-14k-ring,2025-01-18
https://www.treasurejuwelier.nl/sif-jakobs-sj-r2340-cz-yg-ellisse-tre-goudkleurige-ring-zirkonia,2025-01-18
https://www.treasurejuwelier.nl/treasure-collection-tc-23004-zilveren-slavenarmband-8-mm,2025-01-18
https://www.treasurejuwelier.nl/884263-14k-gouden-kinderring-zirkonia,2025-01-18
https://www.treasurejuwelier.nl/884930-14k-gouden-hanger-amethist,2025-01-18
https://www.treasurejuwelier.nl/horloges/seiko,2025-01-18
https://www.treasurejuwelier.nl/883495-14k-gouden-hanger-geboortesteen-april,2025-01-18
https://www.treasurejuwelier.nl/lorus-rg282xx9-horloge,2025-01-18
https://www.treasurejuwelier.nl/885222-14k-gouden-anker-basisketting,2025-01-18
https://www.treasurejuwelier.nl/thoj0760-14k-gouden-gourmet-armband,2025-01-18
https://www.treasurejuwelier.nl/breuning-34-01651-zilveren-hanger,2025-01-18
https://www.treasurejuwelier.nl/zgo327-14k-oorringen-buis,2025-01-18
https://www.treasurejuwelier.nl/885885-14k-gouden-oorringen,2025-01-18
https://www.treasurejuwelier.nl/885852-14k-gouden-oorringen,2025-01-18
https://www.treasurejuwelier.nl/excellent-jewelry-cg117680-14k-ketting-hanger,2025-01-18
https://www.treasurejuwelier.nl/horloges/analoog?on_sale=1&p=15,2025-01-18
https://www.treasurejuwelier.nl/treasure-collection-tc-52167-14-karaat-gouden-hanger-met-kruis,2025-01-18
https://www.treasurejuwelier.nl/885502-zilveren-oorhangers-groen-zirkonia,2025-01-18
https://www.treasurejuwelier.nl/customer/account/login/referer/aHR0cHM6Ly93d3cudHJlYXN1cmVqdXdlbGllci5ubC9oYW5nZXJzP3A9MiZzaWVyYWFkdHlwZT0xNjE3/,2025-01-18
https://www.treasurejuwelier.nl/thoj3402-18k-gouden-paperclip-schakelarmband,2025-01-18
https://www.treasurejuwelier.nl/jke20.017-14k-triangle-topaas-oorknopjes,2025-01-18
https://www.treasurejuwelier.nl/boss-hb1514192-peak-2,2025-01-18
"https://www.treasurejuwelier.nl/customer/account/login/referer/aHR0cHM6Ly93d3cudHJlYXN1cmVqdXdlbGllci5ubC9yZWJlbC1yb3NlLXJyLXJnMDUxLXMtc3F1YXJlLXRpZ2VyLXJpbmc,/",2025-01-18
https://www.treasurejuwelier.nl/treasure-collection-tc-49153-14-karaat-gouden-oorringen-1-mm,2025-01-18
"https://www.treasurejuwelier.nl/treasure-collection-tc-881879-14-karaat-gouden-armband-met-smaragd-15,5-18,5-cm",2025-01-18
https://www.treasurejuwelier.nl/885598-zilveren-oorhangers-barok-parel,2025-01-18
https://www.treasurejuwelier.nl/zinzi-zio2445-zilveren-oorringen,2025-01-18
"https://www.treasurejuwelier.nl/zinzi-zir2141-zilveren-cross-over-ring-met-zirkonia-9,8-mm",2025-01-18
https://www.treasurejuwelier.nl/excellent-jewelry-rg415778-14k-bicolor-ring,2025-01-18
https://www.treasurejuwelier.nl/thoj0048-14-karaat-gouden-creolen-ronde-buis-2-5-mm-dikte,2025-01-18
https://www.treasurejuwelier.nl/g-shock-gst-b400-1aer,2025-01-18
https://www.treasurejuwelier.nl/rl-006-t-14k-gouden-ashanger-met-hars,2025-01-18
https://www.treasurejuwelier.nl/ap-002-b-zilveren-hanger-hart-met-eigen-pootafdruk,2025-01-18
https://www.treasurejuwelier.nl/oorbellen/poussette-sluiting,2025-01-18
https://www.treasurejuwelier.nl/treasure-collection-tc-35033-gouden-ketting-slang,2025-01-18
https://www.treasurejuwelier.nl/zinzi-zia1278g-zilveren-armband-rondjes-goudkleurig-18-21-cm,2025-01-18
https://www.treasurejuwelier.nl/see-you-807-s-zilveren-asbedel-hart-zirkonia-met-hars,2025-01-18
https://www.treasurejuwelier.nl/zinzi-zich266bg-goudkleurige-oorbedels,2025-01-18
https://www.treasurejuwelier.nl/zinzi-zia2413-zilveren-schakelarmband,2025-01-18
https://www.treasurejuwelier.nl/breuning-34-01772-zilveren-hanger,2025-01-18
https://www.treasurejuwelier.nl/treasure-collection-tc-42989-zilveren-ketting-met-cirkels,2025-01-18
https://www.treasurejuwelier.nl/coeur-de-lion-4639-21-1920-dancing-crystals-oorhangers,2025-01-18
https://www.treasurejuwelier.nl/treasure-collection?p=100,2025-01-18
https://www.treasurejuwelier.nl/jkn20.084-14k-mini-dots-collier,2025-01-18
https://www.treasurejuwelier.nl/treasure-collection-tc-53407-14-karaat-gouden-armband-met-zilveren-kern-8-mm-breed,2025-01-18
https://www.treasurejuwelier.nl/hangers/hanger-met-steentjes_14-karaat-goud?p=8,2025-01-18
https://www.treasurejuwelier.nl/excellent-jewelry-og117321-14k-gouden-oorknopjes-bloem-met-diamant,2025-01-18
https://www.treasurejuwelier.nl/807-s-y14z-14k-gouden-moedermelk-bedel-hart-zirkonia,2025-01-18
https://www.treasurejuwelier.nl/treasure-collection-tc-881326-14-karaat-gouden-dolfijn-hanger-10-mm,2025-01-18
https://www.treasurejuwelier.nl/swarovski-5662091-bella-goudkleurige-ketting-v,2025-01-18
https://www.treasurejuwelier.nl/treasure-collection-tc-30293-zilveren-hanger-kruis,2025-01-18
https://www.treasurejuwelier.nl/885928-14k-gouden-oorringen-rond,2025-01-18
https://www.treasurejuwelier.nl/885770-14k-gouden-oorhangers-parel,2025-01-18
https://www.treasurejuwelier.nl/jkn22.204-14k-pearls-of-amalfi-collier,2025-01-18
https://www.treasurejuwelier.nl/zinzi-zio2681-zilveren-oorknopjes-druppelvorm,2025-01-18
https://www.treasurejuwelier.nl/treasure-collection-m075-14-karaat-gouden-armband-bolletjes,2025-01-18
https://www.treasurejuwelier.nl/rg-021-y14d-14k-gouden-ring-met-diamant-en-moedermelk,2025-01-18
"https://www.treasurejuwelier.nl/customer/account/login/referer/aHR0cHM6Ly93d3cudHJlYXN1cmVqdXdlbGllci5ubC9ib3NzLWpld2Vscy1oYmoxNTgwMzM4bS1sZXJlbi1qYWNlLWhlcmVuLWFybWJhbmQtMTktY20,/",2025-01-18
https://www.treasurejuwelier.nl/kettingen/blauw,2025-01-18
https://www.treasurejuwelier.nl/swcn10254-y14-classic-14k-collier,2025-01-18
https://www.treasurejuwelier.nl/jackie-jkn23-355-cheek-y-drop-14k-gouden-ketting,2025-01-18
https://www.treasurejuwelier.nl/excellent-jewelry-rx417247-14k-bicolor-gouden-ring-gedraaid-met-diamant,2025-01-18
https://www.treasurejuwelier.nl/rg-043-14k-gouden-asring-met-diamant-en-hars,2025-01-18
https://www.treasurejuwelier.nl/oorbellen/dames_goud?p=4,2025-01-18
https://www.treasurejuwelier.nl/oorbellen/doortrek-sluiting,2025-01-18
https://www.treasurejuwelier.nl/ringen/gele-steen,2025-01-18
https://www.treasurejuwelier.nl/treasure-collection-tc-40904-witgouden-14-krt-ketting-met-cirkels,2025-01-18
https://www.treasurejuwelier.nl/oorbellen/14-karaat-goud?p=27,2025-01-18
https://www.treasurejuwelier.nl/rebel-rose-rr-rg039-s-square-lapis-ring,2025-01-18
https://www.treasurejuwelier.nl/883673-zilveren-ketting-met-zirkonia-hanger-halo,2025-01-18
https://www.treasurejuwelier.nl/jacques-du-manoir-jwl01204-inspiration-horloge,2025-01-18
https://www.treasurejuwelier.nl/kettingen/kruisje,2025-01-18
https://www.treasurejuwelier.nl/tc-882314-zilveren-hanger-met-hartjes-zirkonia,2025-01-18
https://www.treasurejuwelier.nl/armbanden/black-friday_dames?is_new=1&on_sale=1&p=9,2025-01-18
https://www.treasurejuwelier.nl/armbanden/treasure-collection-tc-46535-schakelarmband-ankerschakels,2025-01-18
https://www.treasurejuwelier.nl/882797-14k-gouden-armband-rondjes,2025-01-18
https://www.treasurejuwelier.nl/hangers/diamant,2025-01-18
https://www.treasurejuwelier.nl/lorus-rl451bx9-automaat-horloge,2025-01-18
https://www.treasurejuwelier.nl/treasure-collection-tc-43792-gouden-ketting-met-parel,2025-01-18
https://www.treasurejuwelier.nl/tommy-hilfiger-th1710383-daniel-horloge-44-mm,2025-01-18
https://www.treasurejuwelier.nl/884374-14k-gouden-ring-groen-agaat,2025-01-18
https://www.treasurejuwelier.nl/885811-14k-gouden-oorhangers,2025-01-18
https://www.treasurejuwelier.nl/excellent-jewelry-cw137405-14k-gouden-ketting-met-edelstenen,2025-01-18
https://www.treasurejuwelier.nl/topaas,2025-01-18
https://www.treasurejuwelier.nl/883201-zilveren-hanger-roos,2025-01-18
https://www.treasurejuwelier.nl/coeur-de-lion-4020-10-0600-collier,2025-01-18
https://www.treasurejuwelier.nl/moedermelk-instructies,2025-01-18
https://www.treasurejuwelier.nl/900-y14-14k-gouden-ketting-moedermelk-hanger-initiaal,2025-01-18
https://www.treasurejuwelier.nl/kettingen/goud,2025-01-18
https://www.treasurejuwelier.nl/ringen/aanschuifring_witgoud,2025-01-18
https://www.treasurejuwelier.nl/oorbellen/groen,2025-01-18
https://www.treasurejuwelier.nl/q538-14k-hanger-slang,2025-01-18
https://www.treasurejuwelier.nl/oorbellen/goud?p=28,2025-01-18
https://www.treasurejuwelier.nl/thoj3440-14k-gouden-schakelarmband,2025-01-18
https://www.treasurejuwelier.nl/tc-55755-14k-gouden-diamant-ring,2025-01-18
https://www.treasurejuwelier.nl/swarovski-5662142-angelic-ketting-met-blauwe-steen,2025-01-18
https://www.treasurejuwelier.nl/thoj2857-14k-gouden-schakelarmband,2025-01-18
https://www.treasurejuwelier.nl/armbanden/zilver,2025-01-18
https://www.treasurejuwelier.nl/q279-14k-gouden-hanger-geboortesteen,2025-01-18
https://www.treasurejuwelier.nl/ringen/14-karaat-goud_heren,2025-01-18
https://www.treasurejuwelier.nl/883280-14k-gouden-medaillon-ovaal,2025-01-18
https://www.treasurejuwelier.nl/thoj0158-14k-gouden-3in1-ring,2025-01-18
https://www.treasurejuwelier.nl/seiko-5-sports-srpd55k1-automatic-herenhorloge-42-5-mm,2025-01-18
https://www.treasurejuwelier.nl/rr-pd013-s-tag-zilveren-hanger,2025-01-18
https://www.treasurejuwelier.nl/885087-14k-gouden-ketting-hartje,2025-01-18
https://www.treasurejuwelier.nl/ringen/ring-zonder-steen,2025-01-18
https://www.treasurejuwelier.nl/see-you-703-y14-14k-gouden-ketting-moedermelk-hanger-maantje,2025-01-18
https://www.treasurejuwelier.nl/412-s-14k-gouden-zegelring-hart-van-2-vingerafdrukken,2025-01-18
https://www.treasurejuwelier.nl/hangers/medaillon_zilver,2025-01-18
https://www.treasurejuwelier.nl/882606-14k-gouden-ring-halo,2025-01-18
https://www.treasurejuwelier.nl/tommy-hilfiger-th1782586-iris-horloge,2025-01-18
https://www.treasurejuwelier.nl/oorbellen/bicolor-goud,2025-01-18
https://www.treasurejuwelier.nl/zinzi-zgr176-14-karaat-gouden-ring-rechthoek,2025-01-18
https://www.treasurejuwelier.nl/swarovski-5682586-imber-armband,2025-01-18
https://www.treasurejuwelier.nl/armbanden/baby_naamplaat-armband,2025-01-18
https://www.treasurejuwelier.nl/ringen/bicolor-goud,2025-01-18
https://www.treasurejuwelier.nl/zinzi-mva19-zilveren-slavenarmband-met-zirkonia,2025-01-18
https://www.treasurejuwelier.nl/zinzi-zgc301-14k-ketting-hartje,2025-01-18
https://www.treasurejuwelier.nl/thoj1484-14-karaat-bi-color-gouden-creolen-met-0-12-ct-diamant,2025-01-18
https://www.treasurejuwelier.nl/883368-zilveren-ring-groen-zirkonia,2025-01-18
https://www.treasurejuwelier.nl/swarovski-5117703-angelic-allround-ketting,2025-01-18
https://www.treasurejuwelier.nl/883517-14k-gouden-ring-geboortesteen-april,2025-01-18
https://www.treasurejuwelier.nl/zgo338-14k-oorringen-dubbele-buis,2025-01-18
"https://www.treasurejuwelier.nl/customer/account/login/referer/aHR0cHM6Ly93d3cudHJlYXN1cmVqdXdlbGllci5ubC9hcC0wMDEtYi0xNGstZ291ZGVuLWhhbmdlci1tZXQtZWlnZW4tcG9vdGFmZHJ1aw,,/",2025-01-18
https://www.treasurejuwelier.nl/thoj3521-14k-gouden-schakelketting,2025-01-18
https://www.treasurejuwelier.nl/884862-14k-gouden-graveerhanger,2025-01-18
https://www.treasurejuwelier.nl/treasure-collection-tc-53109-14-karaat-gouden-zegelring-met-onyx,2025-01-18
https://www.treasurejuwelier.nl/tommy-hilfiger-tj2790598-stalen-blauwe-schakelarmband,2025-01-18
https://www.treasurejuwelier.nl/884086-14k-hanger-klavertje,2025-01-18
https://www.treasurejuwelier.nl/treasure-collection-tc-37290-geelgouden-slavenarmband-met-zilveren-kern-6-mm,2025-01-18
https://www.treasurejuwelier.nl/thoj3160-14-karaat-gouden-hanger-paars-amethist,2025-01-18
https://www.treasurejuwelier.nl/swarovski-5692162-symbolica-armband,2025-01-18
https://www.treasurejuwelier.nl/excellent-jewelry-rx217245-14k-witgouden-ring-gedraaid-met-diamant,2025-01-18
https://www.treasurejuwelier.nl/seiko-prospex-sne589p1-solar-horloge,2025-01-18
https://www.treasurejuwelier.nl/seiko-5-sports-ssk036k1-automaat,2025-01-18
https://www.treasurejuwelier.nl/hangers/goud_diamant?p=4,2025-01-18
https://www.treasurejuwelier.nl/swarovski-5642598-dextera-armband,2025-01-18
https://www.treasurejuwelier.nl/lorus-rt351cx9-heren-chronograaf-horloge-44-mm,2025-01-18
https://www.treasurejuwelier.nl/kettingen/14-karaat-goud_heren,2025-01-18
https://www.treasurejuwelier.nl/zgc342-14k-collier-met-hartjes,2025-01-18
https://www.treasurejuwelier.nl/excellent-jewelry-cp216621-14-karaat-witgouden-ketting-met-saffier-en-0-25-ct-diamant,2025-01-18
https://www.treasurejuwelier.nl/tommy-hilfiger-th1782640-aspen-horloge,2025-01-18
https://www.treasurejuwelier.nl/swarovski-5647581-volta-armband-met-strik,2025-01-18
https://www.treasurejuwelier.nl/884703-zilveren-hanger-kruisje,2025-01-18
https://www.treasurejuwelier.nl/884697-zilveren-hanger-kruisje-corpus,2025-01-18
https://www.treasurejuwelier.nl/884418-14-karaat-gouden-ring,2025-01-18
https://www.treasurejuwelier.nl/885966-14k-tricolor-gouden-oorringen,2025-01-18
https://www.treasurejuwelier.nl/treasure-collection-tc-881296-14-karaat-gouden-hanger-geloof-hoop-en-liefde,2025-01-18
https://www.treasurejuwelier.nl/excellent-jewelry-aw107412-14k-gouden-schakelarmband-gucci,2025-01-18
https://www.treasurejuwelier.nl/zinzi-zio2195z-zilveren-oorringen-hartjes,2025-01-18
https://www.treasurejuwelier.nl/885059-zilveren-ketting-hanger,2025-01-18
https://www.treasurejuwelier.nl/excellent-jewelry-re107458-14-karaat-gouden-ring-schakels,2025-01-18
https://www.treasurejuwelier.nl/rg-053-14k-gouden-asring-met-hars,2025-01-18
https://www.treasurejuwelier.nl/treasure-collection-l432-14-karaat-gouden-ketting-met-letter-40-44-cm,2025-01-18
https://www.treasurejuwelier.nl/883806-14k-gouden-tennisarmband-zirkonia,2025-01-18
https://www.treasurejuwelier.nl/seiko-sur449p1-horloge,2025-01-18
https://www.treasurejuwelier.nl/treasure-collection-tc-881266-14-karaat-witgouden-oorhangers-met-parel-en-zirkonia-1-9-cm,2025-01-18
https://www.treasurejuwelier.nl/excellent-jewelry,2025-01-18
https://www.treasurejuwelier.nl/seiko-ska783p1-kinetic-herenchronograaf,2025-01-18
"https://www.treasurejuwelier.nl/excellent-jewelry-rg316349-14-karaat-rosegouden-ring-met-morganiet-en-0,27-ct-diamant",2025-01-18
https://www.treasurejuwelier.nl/horloges/heren?p=4,2025-01-18
https://www.treasurejuwelier.nl/885949-14k-witgouden-oorringen,2025-01-18
https://www.treasurejuwelier.nl/tc-882268-zilveren-armband,2025-01-18
https://www.treasurejuwelier.nl/884535-zilveren-oorknopjes-kroontje-roze,2025-01-18
https://www.treasurejuwelier.nl/884515-14k-gouden-ring-zirkonia,2025-01-18
https://www.treasurejuwelier.nl/zinzi-zihz-jun-zilveren-hanger-geboortesteen-juni,2025-01-18
https://www.treasurejuwelier.nl/treasure-collection-m164-zilveren-hanger-sterrenbeeld,2025-01-18
https://www.treasurejuwelier.nl/lorus-ry516ax9-horloge,2025-01-18
https://www.treasurejuwelier.nl/coeur-de-lion-4409-10-1500-geocube-meerkleurige-ketting,2025-01-18
https://www.treasurejuwelier.nl/horloges/garmin,2025-01-18
https://www.treasurejuwelier.nl/885374-goudkleurige-jasseron-armband,2025-01-18
https://www.treasurejuwelier.nl/hangers/hanger-met-graveerplaat_14-karaat-goud,2025-01-18
https://www.treasurejuwelier.nl/armbanden/zilver_koningsschakel,2025-01-18
https://www.treasurejuwelier.nl/treasure-collection-al761-amorio-zilver-met-14-karaat-goud-trouwring-met-0-02-ct-diamant-7,2025-01-18
https://www.treasurejuwelier.nl/885023-zilveren-ketting-hanger-zirkonia,2025-01-18
https://www.treasurejuwelier.nl/treasure-collection-tc-48876-14-karaat-gouden-hanger-met-rookkwarts,2025-01-18
https://www.treasurejuwelier.nl/treasure-collection-l199-14-karaat-gouden-hanger-druppel-18-mm,2025-01-18
https://www.treasurejuwelier.nl/excellent-jewelry-aw107116-14-karaat-gouden-bedel-armband-19-cm,2025-01-18
https://www.treasurejuwelier.nl/jackie-jke23-359-mayfair-14k-gouden-oorringen,2025-01-18
https://www.treasurejuwelier.nl/treasure-collection-tc-5000102-geelgouden-armband-met-zilveren-kern,2025-01-18
https://www.treasurejuwelier.nl/swarovski-5638699-constella-collier-zilverkleurig,2025-01-18
https://www.treasurejuwelier.nl/rg-003-14y-14k-gouden-ring-vlinder-met-moedermelk,2025-01-18
https://www.treasurejuwelier.nl/blauwe-steen?p=7,2025-01-18
https://www.treasurejuwelier.nl/885481-zilveren-oorhangers-groen-kwarts,2025-01-18
https://www.treasurejuwelier.nl/treasure-collection-tc-44889-gouden-armband-met-zilveren-kern-c352,2025-01-18
https://www.treasurejuwelier.nl/hangers/hanger-met-hart_goud,2025-01-18
https://www.treasurejuwelier.nl/treasure-collection-tc-58763-9-karaat-gouden-baby-naamplaat-armband-figaro,2025-01-18
https://www.treasurejuwelier.nl/zgr309-14k-ring-bolletjes,2025-01-18
https://www.treasurejuwelier.nl/hangers/blauw,2025-01-18
https://www.treasurejuwelier.nl/sif-jakobs-sj-r2393-cz-felline-concavo-zilveren-ring-zirkonia,2025-01-18
https://www.treasurejuwelier.nl/treasure-collection-tc-881878-14-karaat-gouden-ketting-met-smaragd-40-44-cm,2025-01-18
https://www.treasurejuwelier.nl/thoj0625-14k-popcorn-armband,2025-01-18
https://www.treasurejuwelier.nl/horloges/heren?overige_functies=1182,2025-01-18
https://www.treasurejuwelier.nl/thoj0867-14k-gouden-schakelarmband-panter,2025-01-18
https://www.treasurejuwelier.nl/883414-14k-gouden-ring-gedraaid,2025-01-18
https://www.treasurejuwelier.nl/excellent-jewelry-rh417748-14k-bicolor-ring,2025-01-18
https://www.treasurejuwelier.nl/excellent-jewelry-cm107772-14k-gouden-schakelketting,2025-01-18
"https://www.treasurejuwelier.nl/treasure-collection-tc-53410-14-karaat-gouden-enkelbandje-singapore-2,3-mm",2025-01-18
https://www.treasurejuwelier.nl/coeur-de-lion-2838-10-2028-collier,2025-01-18
https://www.treasurejuwelier.nl/olympic-ol72hss293b-kai-horloge,2025-01-18
https://www.treasurejuwelier.nl/coeur-de-lion-2838-20-2026-oorhangers,2025-01-18
https://www.treasurejuwelier.nl/rr-l0170-s-small-braided-raw-black-leren-armband,2025-01-18
https://www.treasurejuwelier.nl/treasure-collection-tc-17004-14-karaat-witgouden-hanger-hart,2025-01-18
https://www.treasurejuwelier.nl/g-shock-mtg-b3000bd-1aer-bluetooth-radiogestuurd-solar-horloge,2025-01-18
https://www.treasurejuwelier.nl/boss-hb1514161-skytraveller-chronograaf,2025-01-18
https://www.treasurejuwelier.nl/hangers/bedel_ja,2025-01-18
https://www.treasurejuwelier.nl/n124-14-karaat-witgouden-ring,2025-01-18
https://www.treasurejuwelier.nl/882614-14k-gouden-ring-rij,2025-01-18
https://www.treasurejuwelier.nl/excellent-jewelry-aw106742-14-karaat-gouden-schakelarmband-20-cm,2025-01-18
https://www.treasurejuwelier.nl/swing-jewels-rdc01-4302-01-happiness-14k-gouden-ring-met-zirkonia,2025-01-18
https://www.treasurejuwelier.nl/treasure-collection-tc-881301-14-karaat-gouden-hanger-geloof-hoop-en-liefde,2025-01-18
https://www.treasurejuwelier.nl/horloges/garmin-epix_garmin,2025-01-18
https://www.treasurejuwelier.nl/882790-14k-gouden-armband-kruis,2025-01-18
https://www.treasurejuwelier.nl/pesavento-wplva1885-ring,2025-01-18
https://www.treasurejuwelier.nl/hangers/tricolor-goud,2025-01-18
https://www.treasurejuwelier.nl/thoj1599-14-karaat-bicolor-gouden-damesring-met-0-04-ct-diamant,2025-01-18
https://www.treasurejuwelier.nl/883385-zilveren-ring-ovaal-zirkonia,2025-01-18
https://www.treasurejuwelier.nl/ringen/ja_zegelring,2025-01-18
https://www.treasurejuwelier.nl/treasure-collection-tc-31394-gouden-muzieknoot,2025-01-18
https://www.treasurejuwelier.nl/603-s-y14z-14-k-gouden-ketting-vlinder-moedermelk-hanger-zirkonia,2025-01-18
https://www.treasurejuwelier.nl/jkn21.106-14k-dotted-ketting,2025-01-18
https://www.treasurejuwelier.nl/885503-zilveren-oorknopjes-zirkonia-halo,2025-01-18
https://www.treasurejuwelier.nl/jkn20.044-14k-long-drop-ketting,2025-01-18
https://www.treasurejuwelier.nl/treasure-collection-l198-14-karaat-gouden-oorhangers-21-mm,2025-01-18
https://www.treasurejuwelier.nl/885554-zilveren-oorhangers-zirkonia,2025-01-18
https://www.treasurejuwelier.nl/q531-14k-ketting-met-klaver-hanger,2025-01-18
https://www.treasurejuwelier.nl/zinzi-zia1287g-goudkleurige-schakelarmband,2025-01-18
https://www.treasurejuwelier.nl/armbanden/14-karaat-goud,2025-01-18
"https://www.treasurejuwelier.nl/excellent-jewelry-rc106877-14-karaat-gouden-ring-11,5-mm",2025-01-18
https://www.treasurejuwelier.nl/treasure-collection-tc-23017-massieve-zilveren-slavenarmband-10-mm,2025-01-18
https://www.treasurejuwelier.nl/oorbellen/14-karaat-goud,2025-01-18
https://www.treasurejuwelier.nl/883415-14k-gouden-ring-gevlochten,2025-01-18
https://www.treasurejuwelier.nl/883122-14k-gouden-oorringen-ovaal,2025-01-18
https://www.treasurejuwelier.nl/seiko-swr096p1-horloge,2025-01-18
https://www.treasurejuwelier.nl/thoj0195-14k-gouden-ring-maansteen,2025-01-18
https://www.treasurejuwelier.nl/zinzi-zir1476-zilveren-aanschuifring-met-zirkonia,2025-01-18
https://www.treasurejuwelier.nl/treasure-collection-tc-39016-14-karaat-gouden-armband-met-zilveren-kern-6-5-mm-breed,2025-01-18
https://www.treasurejuwelier.nl/treasure-collection-tc-39393-stalen-graveerarmband-met-gourmet-schakel,2025-01-18
https://www.treasurejuwelier.nl/excellent-jewelry-hb107867-14k-hanger,2025-01-18
https://www.treasurejuwelier.nl/kettingen/schakelketting?p=3,2025-01-18
https://www.treasurejuwelier.nl/swab10233-y18-entoourage-14k-armband,2025-01-18
https://www.treasurejuwelier.nl/treasure-collection-tc-23055-witgouden-slavenarmband-met-zilveren-kern-3-mm,2025-01-18
https://www.treasurejuwelier.nl/tc-882120-14k-gouden-figaro-schakelketting,2025-01-18
https://www.treasurejuwelier.nl/aurore-jewelry-ra16110060-bowie-trouwring,2025-01-18
https://www.treasurejuwelier.nl/tc-882079-14k-gouden-valkenoog-schakelarmband,2025-01-18
https://www.treasurejuwelier.nl/swarovski-5638495-millenia-oorringen-met-hanger-2-3-cm,2025-01-18
https://www.treasurejuwelier.nl/excellent-jewelry-rg415994-14k-bicolor-solitair-ring,2025-01-18
https://www.treasurejuwelier.nl/excellent-jewelry-rx417253-14k-gouden-diamantring,2025-01-18
https://www.treasurejuwelier.nl/treasure-collection-tc-46098-zilveren-collier-met-vossenstaart-schakels-6-mm-l680,2025-01-18
https://www.treasurejuwelier.nl/q339-14k-gouden-hanger-halo,2025-01-18
https://www.treasurejuwelier.nl/sweb10054-y-14k-armband,2025-01-18
https://www.treasurejuwelier.nl/885803-14k-gouden-oorknopjes-roze-zirkonia,2025-01-18
https://www.treasurejuwelier.nl/treasure-collection-tc-44299-gouden-ketting-venetiaanse-schakel,2025-01-18
https://www.treasurejuwelier.nl/treasure-collection-tc-46201-gerhodineerd-zilveren-collier-omegaschakels-1-5-mm,2025-01-18
https://www.treasurejuwelier.nl/tc-882006-14k-witgouden-anker-schakelarmband-5-7-mm,2025-01-18
https://www.treasurejuwelier.nl/armbanden/schakelarmband_dames?p=8,2025-01-18
https://www.treasurejuwelier.nl/treasure-collection-tc-24836-14-karaat-gouden-collier-koord-schakels-3-9-mm,2025-01-18
https://www.treasurejuwelier.nl/thoj2962-14k-gouden-ring-diamant,2025-01-18
https://www.treasurejuwelier.nl/treasure-collection-tc-881848-14-karaat-tricolor-gouden-hanger,2025-01-18
https://www.treasurejuwelier.nl/885391-14k-gouden-figaro-armbandje,2025-01-18
https://www.treasurejuwelier.nl/boccia-0539-07-titanium-bicolor-oorringen,2025-01-18
https://www.treasurejuwelier.nl/lorus-rh363ax9-horloge,2025-01-18
https://www.treasurejuwelier.nl/q143-14k-witgouden-topaas-oorknopjes,2025-01-18
https://www.treasurejuwelier.nl/swje10221-y14-pearl-14k-oorhangers,2025-01-18
https://www.treasurejuwelier.nl/883913-goudkleurige-ketting-hart-infinity,2025-01-18
https://www.treasurejuwelier.nl/tc-882296-zilveren-gourmet-armband,2025-01-18
https://www.treasurejuwelier.nl/q278-14k-gouden-hanger-geboortesteen,2025-01-18
https://www.treasurejuwelier.nl/treasure-collection-tc-42819-gouden-oorknoppen-knoop,2025-01-18
https://www.treasurejuwelier.nl/882950-zilveren-ketting,2025-01-18
https://www.treasurejuwelier.nl/danish-design-iv70q1294-lana-horloge,2025-01-18
https://www.treasurejuwelier.nl/garmin-010-02904-21-fenix-8-amoled-sapphire-titanium,2025-01-18
https://www.treasurejuwelier.nl/rauschmayer-rm-20-14k-bicolor-gouden-trouwringen-met-0-05-ct-diamant,2025-01-18
https://www.treasurejuwelier.nl/rebel-rose-rr-80067-s-matt-tiger-lily-twist-armband,2025-01-18
https://www.treasurejuwelier.nl/tommy-hilfiger-th1782704-emily-horloge,2025-01-18
https://www.treasurejuwelier.nl/treasure-collection-tc-39574-witgouden-collier-met-venetiaanse-schakel,2025-01-18
https://www.treasurejuwelier.nl/treasure-collection-tc-881504-14-karaat-rosegouden-gourmet-ketting,2025-01-18
https://www.treasurejuwelier.nl/excellent-jewelry-rx117807-14k-ring-schakelpatroon,2025-01-18
https://www.treasurejuwelier.nl/treasure-collection-tc-35881-gouden-ketting-gourmet-1-8-mm,2025-01-18
https://www.treasurejuwelier.nl/884446-zilveren-ring-14k-goud-topaas,2025-01-18
https://www.treasurejuwelier.nl/treasure-collection-tc-49167-14-karaat-gouden-armband-met-rondje-16-5-18-5-cm,2025-01-18
https://www.treasurejuwelier.nl/thoj1905-14k-bicolor-gouden-ring-diamant,2025-01-18
https://www.treasurejuwelier.nl/tommy-hilfiger-th1782701-emily-horloge,2025-01-18
https://www.treasurejuwelier.nl/treasure-collection-tc-24832-14-karaat-gouden-koningsketting-3-2-mm,2025-01-18
https://www.treasurejuwelier.nl/q090-14k-witgouden-palladium-oorknopjes,2025-01-18
https://www.treasurejuwelier.nl/treasure-collection-tc-24758-14-karaat-gouden-figaro-armband-4-9-mm,2025-01-18
https://www.treasurejuwelier.nl/re131036-14k-gouden-zegelring,2025-01-18
https://www.treasurejuwelier.nl/885343-zilveren-armband-springslot,2025-01-18
https://www.treasurejuwelier.nl/excellent-jewelry-rg237538-14k-witgouden-ring,2025-01-18
https://www.treasurejuwelier.nl/excellent-jewelry-rm127999-14k-ring,2025-01-18
https://www.treasurejuwelier.nl/884343-14k-gouden-ring-peridoot,2025-01-18
https://www.treasurejuwelier.nl/lorus-rh937px9-horloge,2025-01-18
https://www.treasurejuwelier.nl/885378-14k-gouden-graveerarmbandje-gourmet,2025-01-18
https://www.treasurejuwelier.nl/885409-14k-gouden-armband-ovaaltjes,2025-01-18
https://www.treasurejuwelier.nl/excellent-jewelry-og118051-14k-oorringen,2025-01-18
https://www.treasurejuwelier.nl/swing-jewels-geboortesteen-ketting-juli-robijn,2025-01-18
https://www.treasurejuwelier.nl/aurore-jewelry-ra16130030-sam-trouwring,2025-01-18
https://www.treasurejuwelier.nl/zgr367-14k-infinity-ring,2025-01-18
https://www.treasurejuwelier.nl/excellent-jewelry-rx237260-14k-witgouden-saffier-ring,2025-01-18
https://www.treasurejuwelier.nl/treasure-collection-tc-47219-14-karaat-gouden-hanger-gediamanteerd-kruis,2025-01-18
https://www.treasurejuwelier.nl/aurore-jewelry-ra15310050-ivy-royal-18k-gouden-ring,2025-01-18
https://www.treasurejuwelier.nl/883639-zilveren-oorknopjes-met-saffier-en-zirkonia-halo,2025-01-18
https://www.treasurejuwelier.nl/garmin-010-02905-40-fenix-8-amoled-sapphire-titanium,2025-01-18
https://www.treasurejuwelier.nl/thoj1881-14k-bicolor-gouden-ring-diamant,2025-01-18
https://www.treasurejuwelier.nl/sif-jakobs-sj-c42233-capizzi-zilveren-schakelketting,2025-01-18
https://www.treasurejuwelier.nl/885231-14k-gouden-gourmet-schakelketting,2025-01-18
https://www.treasurejuwelier.nl/silk-jewellery-654-roots-zilveren-armband-6-mm,2025-01-18
https://www.treasurejuwelier.nl/excellent-jewelry-rx117377-14k-gouden-ring-met-diamant,2025-01-18
https://www.treasurejuwelier.nl/tc-881942-14k-gouden-graveerhanger-met-hartje,2025-01-18
https://www.treasurejuwelier.nl/treasure-collection-tc-47857b-14-karaat-gouden-collier-omega-1-75-mm,2025-01-18
https://www.treasurejuwelier.nl/thoj3495-14k-bicolor-gouden-hanger-diamant,2025-01-18
https://www.treasurejuwelier.nl/excellent-jewelry-rg117218-14k-gouden-ring,2025-01-18
https://www.treasurejuwelier.nl/seiko-5-sports-limited-srpl05k1-automaat,2025-01-18
https://www.treasurejuwelier.nl/885447-zilveren-oorhangers-parel,2025-01-18
https://www.treasurejuwelier.nl/tommy-hilfiger-th1782711-ella-horloge,2025-01-18
https://www.treasurejuwelier.nl/885723-14k-bicolor-gouden-oorknopjes-diamant,2025-01-18
https://www.treasurejuwelier.nl/treasure-collection-tc-880213-14-karaat-witgouden-ketting-anker-1-3-mm,2025-01-18
https://www.treasurejuwelier.nl/885158-14k-gouden-ketting-bloem-zirkonia,2025-01-18
https://www.treasurejuwelier.nl/excellent-jewelry-rx137372-14k-gouden-saffier-ring,2025-01-18
https://www.treasurejuwelier.nl/boss-hb1502782-symphony,2025-01-18
https://www.treasurejuwelier.nl/884669-zilveren-graveerarmbandje-hartje,2025-01-18
"https://www.treasurejuwelier.nl/excellent-jewelry-rp416064-14-karaat-gouden-bicolor-ring-met-0,26-ct-diamant",2025-01-18
https://www.treasurejuwelier.nl/885763-14k-gouden-oorringen-ronde-buis,2025-01-18
https://www.treasurejuwelier.nl/883067-14k-gouden-hanger-met-saffier-en-diamant,2025-01-18
https://www.treasurejuwelier.nl/885833-14k-gouden-oorknopjes-bloem-roze-zirkonia,2025-01-18
https://www.treasurejuwelier.nl/silk-jewellery-393-shiva-armband,2025-01-18
https://www.treasurejuwelier.nl/excellent-jewelry-rh426185-14-karaat-gouden-ring-met-zirkonia,2025-01-18
https://www.treasurejuwelier.nl/treasure-collection-tc-54485-14-karaat-witgouden-collier-venetiaanse-schakel-1-1-mm-41-43-45-cm,2025-01-18
https://www.treasurejuwelier.nl/treasure-collection-tc-23214-collier-geelgoud-hart-10-5-mm,2025-01-18
https://www.treasurejuwelier.nl/thoj0755-14-karaat-gouden-gourmet-ketting,2025-01-18
"https://www.treasurejuwelier.nl/coeur-de-lion-4017/30-0700-geocube-armband-18,5-21,5-cm",2025-01-18
https://www.treasurejuwelier.nl/excellent-jewelry-re107740-14k-gouden-ring,2025-01-18
"https://www.treasurejuwelier.nl/treasure-collection-l582-14-karaat-zilgold-oorringen-2,2-mm",2025-01-18
https://www.treasurejuwelier.nl/thoj3382-18k-gouden-verlovingsring-diamant,2025-01-18
https://www.treasurejuwelier.nl/seiko-srz544p1,2025-01-18
https://www.treasurejuwelier.nl/lorus-rg859cx5-horloge,2025-01-18
https://www.treasurejuwelier.nl/heren_goud?p=5,2025-01-18
https://www.treasurejuwelier.nl/884466-14k-gouden-ring-zirkonia,2025-01-18
https://www.treasurejuwelier.nl/treasure-collection-tc-881398-14-karaat-gouden-bedel-voetbalschoen,2025-01-18
https://www.treasurejuwelier.nl/q204-14k-rosegouden-ring,2025-01-18
https://www.treasurejuwelier.nl/883150-14k-gouden-hanger-met-parel,2025-01-18
https://www.treasurejuwelier.nl/armbanden/dames_14-karaat-goud?is_new=1&p=8,2025-01-18
https://www.treasurejuwelier.nl/882971-zilveren-basisketting-omega,2025-01-18
https://www.treasurejuwelier.nl/garonne-kq22q465-kinderhorloge-blauw,2025-01-18
https://www.treasurejuwelier.nl/884270-zilveren-ring-gescratcht,2025-01-18
https://www.treasurejuwelier.nl/884425-14k-gouden-ring-bol,2025-01-18
https://www.treasurejuwelier.nl/lorus-rx361ax9-solar-horloge,2025-01-18
https://www.treasurejuwelier.nl/thoj1260-14k-witgouden-verlovingsring-diamant,2025-01-18
https://www.treasurejuwelier.nl/zinzi-zic2494-zilveren-ketting-rechthoek-hanger,2025-01-18
https://www.treasurejuwelier.nl/treasure-collection-tc-34689-gouden-anker,2025-01-18
https://www.treasurejuwelier.nl/883644-zilveren-ring-met-zirkonia-halo,2025-01-18
https://www.treasurejuwelier.nl/excellent-jewelry-rg415322-14-karaat-bicolor-gouden-ring-met-0-24-ct-diamant,2025-01-18
https://www.treasurejuwelier.nl/swer10190-y18-happiness-14k-ring,2025-01-18
https://www.treasurejuwelier.nl/treasure-collection-tc-42907-gouden-bedel-ster,2025-01-18
https://www.treasurejuwelier.nl/884907-14k-gouden-hanger-hartje-granaat,2025-01-18
https://www.treasurejuwelier.nl/boccia-titanium-08076-02-bicolor-schakelketting,2025-01-18
https://www.treasurejuwelier.nl/p236-zilveren-oorknopjes-met-zirkonia,2025-01-18
https://www.treasurejuwelier.nl/884361-zilveren-ring-geboortesteen-december-topaas,2025-01-18
https://www.treasurejuwelier.nl/aller-spanninga-1043-14k-trouwringen,2025-01-18
https://www.treasurejuwelier.nl/rebel-rose-rr-rg045-s-square-vintage-green-jade-ring,2025-01-18
https://www.treasurejuwelier.nl/zinzi-ziw510m-roman-dameshorloge-34-mm,2025-01-18
https://www.treasurejuwelier.nl/connoisseurs-co738-goudpoets-reinigingsdoek,2025-01-18
https://www.treasurejuwelier.nl/treasure-collection-tc-42597-zilveren-hanger-kruis,2025-01-18
"https://www.treasurejuwelier.nl/excellent-jewelry-rk217092-14-karaat-witgouden-ring-met-0,34-ct-diamant",2025-01-18
https://www.treasurejuwelier.nl/thoj3642-puck-14k-gouden-schakelketting,2025-01-18
https://www.treasurejuwelier.nl/885788-14k-gouden-oorknopjes-infinity,2025-01-18
https://www.treasurejuwelier.nl/treasure-collection-esmee-tc-31179-14-karaat-tricolor-gouden-ring,2025-01-18
https://www.treasurejuwelier.nl/883400-14k-gouden-ring-geboortesteen-januari,2025-01-18
https://www.treasurejuwelier.nl/treasure-collection-tc-24667-14-karaat-gouden-zilgold-figaro-collier-met-zilveren-kern-7-mm,2025-01-18
https://www.treasurejuwelier.nl/treasure-collection-tc-48650-14-karaat-rose-gouden-oorknoppen-bol,2025-01-18
https://www.treasurejuwelier.nl/tommy-hilfiger-th1710499-ryder-horloge-44-mm,2025-01-18
https://www.treasurejuwelier.nl/swar10069-y51-happiness-14k-ring,2025-01-18
https://www.treasurejuwelier.nl/treasure-collection-tc-43717-zilveren-ring-met-onyx,2025-01-18
https://www.treasurejuwelier.nl/excellent-jewelry-rg415509-14k-bicolor-ring,2025-01-18
https://www.treasurejuwelier.nl/885631-goudkleurige-oorringen-ronde-buis,2025-01-18
https://www.treasurejuwelier.nl/zinzi-zir2234-zilveren-cross-over-bicolor-met-zirkonia,2025-01-18
https://www.treasurejuwelier.nl/kettingen/schakelketting_figaro-schakel,2025-01-18
https://www.treasurejuwelier.nl/treasure-collection-tc-33598-9-karaat-gouden-collier-gourmet-2-2-mm,2025-01-18
https://www.treasurejuwelier.nl/zinzi-zir1360-zilveren-ring-cross-over,2025-01-18
https://www.treasurejuwelier.nl/goud_heren,2025-01-18
https://www.treasurejuwelier.nl/885220-14k-gouden-venetiaanse-basisketting,2025-01-18
https://www.treasurejuwelier.nl/883055-14k-gouden-schakelarmband,2025-01-18
https://www.treasurejuwelier.nl/883684-zilveren-hanger-met-hart-en-infinity,2025-01-18
https://www.treasurejuwelier.nl/kettingen/zilver,2025-01-18
https://www.treasurejuwelier.nl/tc-58257-14k-gouden-diamant-ring,2025-01-18
https://www.treasurejuwelier.nl/treasure-collection-tc-23336-14-karaat-gouden-hanger-beer,2025-01-18
https://www.treasurejuwelier.nl/armbanden/dames_14-karaat-goud?is_new=1&p=12,2025-01-18
https://www.treasurejuwelier.nl/seiko-5-sports-srpj85k1-automaat-horloge,2025-01-18
https://www.treasurejuwelier.nl/silk-jewellery-243-linked-zilveren-armband-8-mm,2025-01-18
https://www.treasurejuwelier.nl/excellent-jewelry-rh417747-14k-bicolor-ring,2025-01-18
https://www.treasurejuwelier.nl/treasure-collection-tc-36334-1-gouden-klaver-vier,2025-01-18
https://www.treasurejuwelier.nl/885230-14k-gouden-venetiaanse-basisketting,2025-01-18
https://www.treasurejuwelier.nl/treasure-collection-tc-881450-zilveren-gourmet-heren-ketting-9-mm,2025-01-18
https://www.treasurejuwelier.nl/lorus-rx357ax9-solar-horloge,2025-01-18
https://www.treasurejuwelier.nl/883200-zilveren-graveerhanger-rond,2025-01-18
"https://www.treasurejuwelier.nl/excellent-jewelry-rg416294-14-karaat-gouden-bicolor-ring-met-0,10-ct-diamant",2025-01-18
https://www.treasurejuwelier.nl/excellent-jewelry-rg117537-14k-gouden-ring-met-diamant-schakels,2025-01-18
https://www.treasurejuwelier.nl/excellent-jewelry-rl837438-18k-gouden-saffier-ring,2025-01-18
https://www.treasurejuwelier.nl/treasure-collection-tc-881463-zilveren-gourmet-heren-armband-10-mm,2025-01-18
https://www.treasurejuwelier.nl/boss-hb1514189-peak-2,2025-01-18
https://www.treasurejuwelier.nl/tc-882122-14k-gouden-figaro-schakelketting,2025-01-18
https://www.treasurejuwelier.nl/thoj0138-14k-gouden-ring,2025-01-18
https://www.treasurejuwelier.nl/treasure-collection-tc-33605-9-karaat-gouden-baby-naamplaat-armband,2025-01-18
https://www.treasurejuwelier.nl/885313-zilveren-choker-armband,2025-01-18
https://www.treasurejuwelier.nl/treasure-collection-tc-881374-14-karaat-gouden-bedel-lieveheersbeestje-9-5-mm,2025-01-18
https://www.treasurejuwelier.nl/thoj0912-14k-gouden-slavenarmband-ovaal,2025-01-18
https://www.treasurejuwelier.nl/885080-14k-gouden-ketting-hartje,2025-01-18
https://www.treasurejuwelier.nl/884555-zilveren-klapcreolen,2025-01-18
https://www.treasurejuwelier.nl/coeur-de-lion-4020-20-0600-oorhangers,2025-01-18
https://www.treasurejuwelier.nl/tc-882181-14k-gouden-met-zilveren-kern-slavenarmband-ovaal,2025-01-18
https://www.treasurejuwelier.nl/seiko-prospex-limited-spb409j1-alpinist-automaat,2025-01-18
"https://www.treasurejuwelier.nl/treasure-collection-tc-881347-14-karaat-witgouden-hanger-kruis-15,5-mm",2025-01-18
https://www.treasurejuwelier.nl/aurore-oa15750050-nora-18k-oorknopjes,2025-01-18
https://www.treasurejuwelier.nl/885827-14k-gouden-oorringen,2025-01-18
https://www.treasurejuwelier.nl/884308-zilveren-ring,2025-01-18
https://www.treasurejuwelier.nl/treasure-collection-tc-23299-zilveren-collier-arendsoog-schakel-7-mm,2025-01-18
https://www.treasurejuwelier.nl/kettingen/bicolor-goud,2025-01-18
https://www.treasurejuwelier.nl/zinzi-mvh3z-mart-visser-zilveren-hanger-met-zwarte-zirkonia,2025-01-18
https://www.treasurejuwelier.nl/garmin-tactix-7-pro-solar-smartwatch,2025-01-18
https://www.treasurejuwelier.nl/silk-jewellery-355-shiva-armband-zwart,2025-01-18
https://www.treasurejuwelier.nl/884290-14k-gouden-zegelring-lagensteen,2025-01-18
https://www.treasurejuwelier.nl/885887-14k-gouden-oorringen,2025-01-18
https://www.treasurejuwelier.nl/seiko-prospex-srpl13k1,2025-01-18
https://www.treasurejuwelier.nl/lorus-rh963kx8-herenhorloge,2025-01-18
https://www.treasurejuwelier.nl/885075-14k-gouden-gourmet-ketting-massief,2025-01-18
https://www.treasurejuwelier.nl/treasure-collection-tc-881720-14-karaat-witgouden-gourmet-ketting-1-8-mm,2025-01-18
https://www.treasurejuwelier.nl/seiko-presage-ssa347j1-automaat-horloge,2025-01-18
https://www.treasurejuwelier.nl/883916-14k-gouden-armband-turquoise-bolletjes,2025-01-18
https://www.treasurejuwelier.nl/treasure-collection-tc-881487-zilveren-gourmet-heren-armband-7-5-mm,2025-01-18
https://www.treasurejuwelier.nl/treasure-collection-tc-42848-gouden-oorknoppen-zirkonia,2025-01-17
https://www.treasurejuwelier.nl/g-shock-gst-b100-1aer-g-steel-herenchronograaf,2025-01-17
https://www.treasurejuwelier.nl/silk-681bon-roots-hanger-met-onyx,2025-01-17
https://www.treasurejuwelier.nl/884959-14k-gouden-hanger-hartje,2025-01-17
https://www.treasurejuwelier.nl/kettingen/slang-schakel,2025-01-17
https://www.treasurejuwelier.nl/ringen/aanschuifring_goud,2025-01-17
"https://www.treasurejuwelier.nl/treasure-collection-l635-zilveren-gourmet-ketting-heren-5,4-mm",2025-01-17
https://www.treasurejuwelier.nl/885250-14k-witgouden-slang-basisketting,2025-01-17
https://www.treasurejuwelier.nl/treasure-collection-m101-14-karaat-gouden-graveerhanger,2025-01-17
https://www.treasurejuwelier.nl/treasure-collection-tc-881547-zilveren-figaro-armband-heren-6-5-mm,2025-01-17
https://www.treasurejuwelier.nl/tc-882131-14-karaat-gouden-vossenstaart-armband,2025-01-17
https://www.treasurejuwelier.nl/tc-882085-14k-gouden-valkenoog-schakelarmband,2025-01-17
https://www.treasurejuwelier.nl/885258-9-karaat-anker-basisketting,2025-01-17
"https://www.treasurejuwelier.nl/n307-14-karaat-gouden-zegelring-ovaal-9,5-mm",2025-01-17
https://www.treasurejuwelier.nl/swing-jewels-rdd01-2859-05-happiness-14k-gouden-ring-met-zirkonia,2025-01-17
https://www.treasurejuwelier.nl/garmin-010-02904-40-fenix-8-amoled-sapphire-titanium,2025-01-17
https://www.treasurejuwelier.nl/883083-14k-gouden-valkenoog-schakelketting,2025-01-17
https://www.treasurejuwelier.nl/tc-882097-14-karaat-gouden-koningsketting,2025-01-17
"https://www.treasurejuwelier.nl/treasure-collection-l015-14-karaat-witgouden-omega-basisketting-1,1-mm",2025-01-17
https://www.treasurejuwelier.nl/breuning-44-01546-zilveren-ring,2025-01-17
https://www.treasurejuwelier.nl/ringen/ring-met-steen?on_sale=1&p=3,2025-01-17
https://www.treasurejuwelier.nl/silk-jewellery-278-double-fox-zilveren-armband-5-mm,2025-01-17
https://www.treasurejuwelier.nl/swee10043-y88-happiness-14k-oorknopjes,2025-01-17
https://www.treasurejuwelier.nl/treasure-collection-tc-46199-gerhodineerd-zilveren-parelcollier-7-mm,2025-01-17
https://www.treasurejuwelier.nl/tommy-hilfiger-th1710669-bruce,2025-01-17
https://www.treasurejuwelier.nl/customer/account/login/referer/aHR0cHM6Ly93d3cudHJlYXN1cmVqdXdlbGllci5ubC9hcm1iYW5kZW4_aXNfbmV3PTEmb25fc2FsZT0xJnA9NSZ2b29yPTQ1/,2025-01-17
https://www.treasurejuwelier.nl/boss-hb1514194-skytraveller,2025-01-17
https://www.treasurejuwelier.nl/thoj0153-14k-gouden-ring-diamant,2025-01-17
https://www.treasurejuwelier.nl/885241-14k-gouden-slang-armband,2025-01-17
"https://www.treasurejuwelier.nl/treasure-collection-tc-881871-14-karaat-gouden-klapcreolen-10,5-mm",2025-01-17
https://www.treasurejuwelier.nl/treasure-collection-tc-47912-14-karaat-gouden-armband-met-zilveren-kern-en-vossenstaart-schakels-e080,2025-01-17
https://www.treasurejuwelier.nl/treasure-collection-tc-23228-collier-geelgoud-geloof-hoop-en-liefde,2025-01-17
https://www.treasurejuwelier.nl/swarovski-5636706-constella-ketting-met-hanger,2025-01-17
https://www.treasurejuwelier.nl/884972-14k-gouden-hanger-hartje,2025-01-17
https://www.treasurejuwelier.nl/excellent-jewelry-rg413915-14-karaat-gouden-ring-met-0-25-ct-diamant,2025-01-17
https://www.treasurejuwelier.nl/rebel-rose-rr-br036-s-ceres-zilveren-armband,2025-01-17
https://www.treasurejuwelier.nl/boccia-0802-0142-titanium-collier-42-cm,2025-01-17
https://www.treasurejuwelier.nl/treasure-collection-r219-14k-gouden-ring-met-geboortesteen-september,2025-01-17
https://www.treasurejuwelier.nl/silk-jewellery-422-eve-armband,2025-01-17
https://www.treasurejuwelier.nl/thoj2234-14-karaat-gouden-oorringen,2025-01-17
https://www.treasurejuwelier.nl/excellent-jewelry-rl837445-18k-gouden-ring-gekleurd-saffier,2025-01-17
https://www.treasurejuwelier.nl/excellent-jewelry-hk117691-14k-gouden-hanger,2025-01-17
https://www.treasurejuwelier.nl/treasure-collection-tc-42873-gouden-creolen-vierkante-buis,2025-01-17
https://www.treasurejuwelier.nl/excellent-jewelry-rg215614-14-karaat-witgouden-ring-met-saffier-en-0-13-ct-diamant,2025-01-17
https://www.treasurejuwelier.nl/885265-zilveren-armbandje-vlinders-paars,2025-01-17
https://www.treasurejuwelier.nl/seiko-srz532p1-bicolor-horloge,2025-01-17
https://www.treasurejuwelier.nl/swing-jewels-swcb10206-y12-armband,2025-01-17
"https://www.treasurejuwelier.nl/excellent-jewelry-rg417019-14-karaat-gouden-ring-met-0,30-ct-diamant",2025-01-17
https://www.treasurejuwelier.nl/thoj3352-14k-gouden-hanger-bloem-diamant,2025-01-17
https://www.treasurejuwelier.nl/jackie-jkb23-303-dali-bracelet-14k-gouden-armband,2025-01-17
https://www.treasurejuwelier.nl/excellent-jewelry-rg117351-14k-gouden-ring-met-diamant-gedraaid,2025-01-17
https://www.treasurejuwelier.nl/armbanden/dames_14-karaat-goud?is_new=1&p=11,2025-01-17
https://www.treasurejuwelier.nl/885088-14k-gouden-ketting-kruisje,2025-01-17
https://www.treasurejuwelier.nl/q463-14k-ring-gescratcht-met-parel,2025-01-17
https://www.treasurejuwelier.nl/treasure-collection-r258-onyx-armband-met-zilver,2025-01-17
https://www.treasurejuwelier.nl/rs-009-14k-gouden-asring-met-diamant-en-hars,2025-01-17
https://www.treasurejuwelier.nl/excellent-jewelry-rg216348-14-karaat-witgouden-ring-met-topaas-en-0-27-ct-diamant,2025-01-17
https://www.treasurejuwelier.nl/seiko-presage-spb331j1-limited-edition-automaat-herenhorloge-39-3-mm,2025-01-17
https://www.treasurejuwelier.nl/treasure-collection-tc-11852-gouden-paard,2025-01-17
"https://www.treasurejuwelier.nl/seiko-presage-spb167j1-automatisch-herenhorloge-39,3-mm",2025-01-17
https://www.treasurejuwelier.nl/thoj0746-14k-gouden-choker-collier,2025-01-17
https://www.treasurejuwelier.nl/lorus-rl475bx9-horloge,2025-01-17
https://www.treasurejuwelier.nl/swarovski-5671581-millenia-armband-met-groene-stenen,2025-01-17
https://www.treasurejuwelier.nl/hangers/hanger,2025-01-17
https://www.treasurejuwelier.nl/460-14k-gouden-ring-met-vingerafdruk,2025-01-17
https://www.treasurejuwelier.nl/882991-zilveren-ketting-geboortesteen-september,2025-01-17
"https://www.treasurejuwelier.nl/customer/account/login/referer/aHR0cHM6Ly93d3cudHJlYXN1cmVqdXdlbGllci5ubC9hcm1iYW5kZW4_aXNfbmV3PTEmb25fc2FsZT0xJnZvcm09Mjc4Mg,,/",2025-01-17
https://www.treasurejuwelier.nl/danish-design-iv19q1268-akilia-dameshorloge-22-mm,2025-01-17
https://www.treasurejuwelier.nl/zinzi-ziw443m-retro-horloge,2025-01-17
https://www.treasurejuwelier.nl/customer/account/login/referer/aHR0cHM6Ly93d3cudHJlYXN1cmVqdXdlbGllci5ubC9hcm1iYW5kZW4_aXNfbmV3PTEmb25fc2FsZT0xJnA9MiZzaWVyYWFkbWVyaz0xNzUw/,2025-01-17
"https://www.treasurejuwelier.nl/customer/account/login/referer/aHR0cHM6Ly93d3cudHJlYXN1cmVqdXdlbGllci5ubC9ob3Jsb2dlcz9wPTg,/",2025-01-17
https://www.treasurejuwelier.nl/thoj0317-14k-gouden-ring-met-diamant,2025-01-17
"https://www.treasurejuwelier.nl/customer/account/login/referer/aHR0cHM6Ly93d3cudHJlYXN1cmVqdXdlbGllci5ubC9zd2ViMTAwNTQteS0xNGstYXJtYmFuZA,,/",2025-01-17
https://www.treasurejuwelier.nl/lorus-rrx93gx9-dameshorloge-bicolor-19-5-mm,2025-01-17
https://www.treasurejuwelier.nl/885151-14k-gouden-ketting-hartje,2025-01-17
https://www.treasurejuwelier.nl/treasure-collection-tc-46357-14-karaat-gouden-doortrekoorbellen-70-mm-met-veer,2025-01-17
https://www.treasurejuwelier.nl/882604-14k-rosegouden-hanger,2025-01-17
"https://www.treasurejuwelier.nl/excellent-jewelry-rp416625-14-karaat-gouden-bicolor-ring-11-mm-met-0,87-ct-diamant",2025-01-17
https://www.treasurejuwelier.nl/treasure-collection-a306-zilveren-amorio-vriendschapsring-met-0-01-ct-diamant,2025-01-17
https://www.treasurejuwelier.nl/excellent-jewelry-rg415992-14k-bicolor-solitair-ring,2025-01-17
https://www.treasurejuwelier.nl/885835-14k-gouden-oorknopjes-bloem-roze-zirkonia,2025-01-17
https://www.treasurejuwelier.nl/treasure-collection-tc-881432-zilveren-gourmet-heren-ketting-4-mm,2025-01-17
https://www.treasurejuwelier.nl/885161-14k-witgouden-ketting-balkje-diamant,2025-01-17
https://www.treasurejuwelier.nl/excellent-jewelry-rm127989-14k-ring,2025-01-17
https://www.treasurejuwelier.nl/garonne-kq22q466-casual-kids-horloge,2025-01-17
https://www.treasurejuwelier.nl/aurore-jewelry-ra26120060-jess-trouwring,2025-01-17
https://www.treasurejuwelier.nl/excellent-jewelry-rf627127-zilver-met-14k-gouden-ring,2025-01-17
https://www.treasurejuwelier.nl/thoj3228-14k-gouden-ring-toermalijn-diamant,2025-01-17
https://www.treasurejuwelier.nl/aurore-jewelry-ra26130040-sam-trouwring,2025-01-17
https://www.treasurejuwelier.nl/883422-14k-tricolor-gouden-oorringen,2025-01-17
https://www.treasurejuwelier.nl/885294-zilveren-slavenarmband-zirkonia,2025-01-17
https://www.treasurejuwelier.nl/excellent-jewelry-re227745-14k-witgouden-ring,2025-01-17
https://www.treasurejuwelier.nl/rebel-rose-rr-80025-s-mad-grey-seduction-armband-8-mm,2025-01-17
https://www.treasurejuwelier.nl/treasure-collection-r402-zilveren-zegelring-met-lapis,2025-01-17
https://www.treasurejuwelier.nl/thoj2616-14k-bicolor-gouden-valkenoog-schakelarmband,2025-01-17
https://www.treasurejuwelier.nl/excellent-jewelry-rg217334-14k-witgouden-ring-met-diamant,2025-01-17
https://www.treasurejuwelier.nl/coeur-de-lion-0600-30-1817-tennisarmband,2025-01-17
https://www.treasurejuwelier.nl/ringen/zegelring?is_new=1&on_sale=1&p=3,2025-01-17
https://www.treasurejuwelier.nl/treasure-collection-tc-881582b-14-karaat-gouden-zegelring-15-5mm,2025-01-17
https://www.treasurejuwelier.nl/armbanden/singapore-schakel,2025-01-17
https://www.treasurejuwelier.nl/thoj3186-14k-gouden-verlovingsring-diamant,2025-01-17
https://www.treasurejuwelier.nl/rr-l0171-s-small-braided-raw-cognac-leren-armband,2025-01-17
https://www.treasurejuwelier.nl/thoj3803-14k-gouden-oorringen-rond,2025-01-17
https://www.treasurejuwelier.nl/882825-zilveren-schakelarmband,2025-01-17
https://www.treasurejuwelier.nl/zinzi-zir2116-zilveren-paperclip-schakel-ring-met-zirkonia,2025-01-17
https://www.treasurejuwelier.nl/treasure-collection-tc-881375-14-karaat-bicolor-gouden-bedel-bokshandschoen-16-mm,2025-01-17
https://www.treasurejuwelier.nl/883688-zilveren-oorringen,2025-01-17
https://www.treasurejuwelier.nl/zinzi-zio192-zilveren-creolen-24-mm,2025-01-17
https://www.treasurejuwelier.nl/885175-zilveren-anker-schakelketting,2025-01-17
https://www.treasurejuwelier.nl/seiko-5-sports-sre003k1,2025-01-17
https://www.treasurejuwelier.nl/swarovski-5688751-matrix-ketting-parel-en-zirkonia,2025-01-17
https://www.treasurejuwelier.nl/treasure-collection-tc-42950-gouden-bedel-sterrenbeeld,2025-01-17
https://www.treasurejuwelier.nl/treasure-collection-tc-48594-14-karaat-gouden-creolen-met-zilveren-kern,2025-01-17
https://www.treasurejuwelier.nl/882873-zilveren-vossestaart-armband,2025-01-17
https://www.treasurejuwelier.nl/kettingen/the-house-of-jewels_treasure-collection,2025-01-17
https://www.treasurejuwelier.nl/treasure-collection-tc-1968-gouden-ketting,2025-01-17
https://www.treasurejuwelier.nl/treasure-collection-a302-zilveren-amorio-vriendschapsring-5-mm,2025-01-17
https://www.treasurejuwelier.nl/treasure-collection-tc-43562-gouden-armband-met-figaro-schakel,2025-01-17
https://www.treasurejuwelier.nl/garmin-010-02904-11-fenix-8-amoled-sapphire-titanium,2025-01-17
https://www.treasurejuwelier.nl/treasure-collection-tc-42810-gouden-oorknoppen-bol,2025-01-17
https://www.treasurejuwelier.nl/treasure-collection-tc-40026-gouden-graveerarmband-kinderen,2025-01-17
https://www.treasurejuwelier.nl/n685-14-karaat-gouden-medaillon-hart,2025-01-17
https://www.treasurejuwelier.nl/treasure-collection-tc-52201-satijn-koord-armband-met-14-karaat-goud-13-26-cm-k040,2025-01-17
https://www.treasurejuwelier.nl/thoj1871-14k-bicolor-gouden-ring-diamant,2025-01-17
https://www.treasurejuwelier.nl/treasure-collection-tc-881780-14-karaat-gouden-baby-graveerarmbandje-met-hartje-4-mm,2025-01-17
"https://www.treasurejuwelier.nl/excellent-jewelry-rg415762-14-karaat-gouden-bicolor-ring-met-0,27-ct-diamant",2025-01-17
https://www.treasurejuwelier.nl/swarovski-5689718-hyperbola-bicolor-oorringen,2025-01-17
https://www.treasurejuwelier.nl/,2025-01-17
https://www.treasurejuwelier.nl/seiko-5-sports-ssk003k1-automatic-herenhorloge-42-5-mm,2025-01-17
https://www.treasurejuwelier.nl/zinzi-zir2688-zilveren-aanschuifring,2025-01-17
https://www.treasurejuwelier.nl/treasure-collection-tc-42910-14-karaat-gouden-bedel-klavertje-12mm-1,2025-01-17
https://www.treasurejuwelier.nl/armbanden/goud_schakelarmband,2025-01-17
https://www.treasurejuwelier.nl/rp117176-14k-gouden-ring,2025-01-17
https://www.treasurejuwelier.nl/tc-882140-14k-gouden-zilgold-slavenarmband-vlak,2025-01-17
https://www.treasurejuwelier.nl/885251-14k-witgouden-anker-basisketting,2025-01-17
https://www.treasurejuwelier.nl/excellent-jewelry-re107487-14-karaat-gouden-croissant-ring,2025-01-17
https://www.treasurejuwelier.nl/excellent-jewelry-rb107553-14k-gouden-ring-schakel,2025-01-17
https://www.treasurejuwelier.nl/883054-14k-gouden-schakelarmband,2025-01-17
"https://www.treasurejuwelier.nl/excellent-jewelry-rg416857-14-karaat-gouden-ring-met-0,25-ct-diamant",2025-01-17
https://www.treasurejuwelier.nl/treasure-collection-tc-44890-gouden-armband-met-zilveren-kern-c350,2025-01-17
https://www.treasurejuwelier.nl/tc-53256-zilveren-kinder-oorringen,2025-01-17
https://www.treasurejuwelier.nl/882856-zilveren-koffieboon-schakelarmband,2025-01-17
https://www.treasurejuwelier.nl/treasure-collection-tc-2099-14-karaat-gouden-ketting-gourmet-1-mm-1,2025-01-17
https://www.treasurejuwelier.nl/excellent-jewelry-rg216344-14-karaat-witgouden-ring-met-0-35-ct-diamant,2025-01-17
"https://www.treasurejuwelier.nl/excellent-jewelry-rg216803-14-karaat-witgouden-solitair-ring-met-0,19-ct-diamant",2025-01-17
"https://www.treasurejuwelier.nl/treasure-collection-l192-14-karaat-gouden-omega-basisketting-1,25-mm",2025-01-17
https://www.treasurejuwelier.nl/885950-14k-witgouden-oorknopjes-parel,2025-01-17
https://www.treasurejuwelier.nl/885394-14k-gouden-figaro-schakelarmband,2025-01-17
"https://www.treasurejuwelier.nl/aurore-ra15600050-alix-18-karaat-gouden-ring-met-0,50-ct-lab-grown-diamant",2025-01-17
https://www.treasurejuwelier.nl/silk-172-breeze-zilveren-armband,2025-01-17
https://www.treasurejuwelier.nl/treasure-collection-tc-5000119-geelgouden-collier-met-zilveren-kern,2025-01-17
https://www.treasurejuwelier.nl/884769-zilveren-hanger-roze-bloem,2025-01-17
https://www.treasurejuwelier.nl/tommy-hilfiger-th1792119-lorenzo-horloge,2025-01-17
https://www.treasurejuwelier.nl/lorus-rx351ax9-solar-horloge,2025-01-17
https://www.treasurejuwelier.nl/885660-goudkleurige-oorringen-roze,2025-01-17
https://www.treasurejuwelier.nl/tc-13316-14-karaat-gouden-kruisje-hanger,2025-01-17
https://www.treasurejuwelier.nl/swer10003-y-classic-14k-ring,2025-01-17
https://www.treasurejuwelier.nl/tc-882178-14k-gouden-met-zilveren-kern-slavenarmband-recht,2025-01-17
https://www.treasurejuwelier.nl/see-you-806-sm-zilveren-moedermelk-bedel-rond-zirkonia,2025-01-17
https://www.treasurejuwelier.nl/885221-14k-gouden-anker-basisketting,2025-01-17
"https://www.treasurejuwelier.nl/excellent-jewelry-rk217094-14-karaat-witgouden-ring-met-0,27-ct-diamant",2025-01-17
https://www.treasurejuwelier.nl/aurore-jewelry-ra16130050-sam-trouwring,2025-01-17
https://www.treasurejuwelier.nl/rebel-rose-rr-l0142-s-single-stranded-black-armband,2025-01-17
https://www.treasurejuwelier.nl/excellent-jewelry-rh217195-14k-witgouden-ring,2025-01-17
https://www.treasurejuwelier.nl/garmin-010-02906-21-fenix-8-sapphire-solar-titanium,2025-01-17
https://www.treasurejuwelier.nl/treasure-collection-tc-44463-geelgouden-slavenarmband-met-zilveren-kern-5-mm,2025-01-17
https://www.treasurejuwelier.nl/882468-14k-gouden-hanger-kruisje,2025-01-17
https://www.treasurejuwelier.nl/treasure-collection-tc-36189-gouden-ketting-gourmet-1-6-mm,2025-01-17
https://www.treasurejuwelier.nl/zinzi-zicrz-dec-zilveren-oorringen-geboortesteen-december,2025-01-17
https://www.treasurejuwelier.nl/seiko-sur561p1-horloge,2025-01-17
https://www.treasurejuwelier.nl/tc-881929-14k-gouden-oorringen-gediamanteerd,2025-01-17
https://www.treasurejuwelier.nl/treasure-collection-tc-53889-satijn-koord-armband-met-tricolor-goud,2025-01-17
https://www.treasurejuwelier.nl/garmin-010-02903-40-fenix-8-amoled-sapphire,2025-01-17
https://www.treasurejuwelier.nl/tommy-hilfiger-th1710479-henry-horloge,2025-01-17
https://www.treasurejuwelier.nl/treasure-collection-tc-49386-14-karaat-gouden-armband-18-cm,2025-01-17
https://www.treasurejuwelier.nl/excellent-jewelry-rg416081-14k-gouden-solitair-ring,2025-01-17
https://www.treasurejuwelier.nl/seiko-5-sports-srpd51k1-automatic-herenhorloge-42-5-mm,2025-01-17
https://www.treasurejuwelier.nl/tommy-hilfiger-th1782459-layla-horloge,2025-01-17
https://www.treasurejuwelier.nl/treasure-collection-tc-882375-14k-gouden-ketting,2025-01-17
https://www.treasurejuwelier.nl/horloges/garmin-fenix_garmin?on_sale=1,2025-01-17
https://www.treasurejuwelier.nl/kettingen/ja,2025-01-17
https://www.treasurejuwelier.nl/ringen/crossover-ring?p=2,2025-01-17
https://www.treasurejuwelier.nl/hangers/goud_hanger-met-steentjes?is_new=1&on_sale=1,2025-01-17
https://www.treasurejuwelier.nl/treasure-collection-tc-44290-zilveren-oorknoppen-veer,2025-01-17
https://www.treasurejuwelier.nl/treasure-collection-tc-13677-gouden-zon,2025-01-17
https://www.treasurejuwelier.nl/horloges/garmin-epix_garmin?on_sale=1,2025-01-17
https://www.treasurejuwelier.nl/boccia-08039-02-titanium-bicolor-schakelketting-45-cm,2025-01-17
https://www.treasurejuwelier.nl/boccia-05035-02-titanium-oorknopjes,2025-01-17
https://www.treasurejuwelier.nl/aurore-jewelry-ra16120030-jess-trouwring,2025-01-17
https://www.treasurejuwelier.nl/treasure-collection-tc-24629-zilveren-herencollier-met-platte-koningsschakel-5-5-mm,2025-01-17
https://www.treasurejuwelier.nl/swer10188-y-classic-14k-ring,2025-01-17
https://www.treasurejuwelier.nl/lorus-rh918qx9-horloge,2025-01-17
https://www.treasurejuwelier.nl/885857-14k-gouden-oorringen,2025-01-17
https://www.treasurejuwelier.nl/treasure-collection-tc-881852-14-karaat-tricolor-gouden-ring,2025-01-17
https://www.treasurejuwelier.nl/thoj1370-14k-witgouden-ring-diamant,2025-01-17
https://www.treasurejuwelier.nl/excellent-jewelry-rg216360-14-karaat-witgouden-solitair-ring-met-0-74-ct-diamant,2025-01-17
https://www.treasurejuwelier.nl/lorus-rt341jx9-heren-chronograaf-horloge-43-mm,2025-01-17
https://www.treasurejuwelier.nl/breuning-44-01533-zilveren-ring,2025-01-17
https://www.treasurejuwelier.nl/excellent-jewelry-rg417154-14k-bicolor-gouden-ring,2025-01-17
https://www.treasurejuwelier.nl/tc-881928-14k-gouden-oorringen-gediamanteerd,2025-01-17
https://www.treasurejuwelier.nl/excellent-jewelry-rg117967-14k-crossover-ring,2025-01-17
https://www.treasurejuwelier.nl/thoj2799-14k-gouden-ring-topaas,2025-01-17
https://www.treasurejuwelier.nl/danish-design-iv77q1268-akilia-mini-husky-blue,2025-01-17
https://www.treasurejuwelier.nl/thoj3239-14k-gouden-ring-toermalijn-diamant,2025-01-17
https://www.treasurejuwelier.nl/garmin-010-02903-21-fenix-8-amoled-sapphire-titanium,2025-01-17
https://www.treasurejuwelier.nl/jacques-du-manoir-nro.12-inspiration-horloge,2025-01-17
https://www.treasurejuwelier.nl/excellent-jewelry-cp117657-14k-gouden-ketting,2025-01-17
https://www.treasurejuwelier.nl/zinzi-zir2039-zilveren-ring-kruislings-met-zirkonia,2025-01-17
https://www.treasurejuwelier.nl/seiko-5-sports-limited-srpl03k1-automaat,2025-01-17
https://www.treasurejuwelier.nl/tc-882142-14k-gouden-zilgold-slavenarmband-ovaal,2025-01-17
https://www.treasurejuwelier.nl/885930-14k-gouden-oorringen,2025-01-17
https://www.treasurejuwelier.nl/treasure-collection-tc-32570-9-karaat-basisketting-gourmet-schakel,2025-01-17
https://www.treasurejuwelier.nl/tommy-hilfiger-th1710632-walker-horloge,2025-01-17
https://www.treasurejuwelier.nl/lorus-rg209wx9-horloge,2025-01-17
https://www.treasurejuwelier.nl/884082-14k-hanger-klavertje,2025-01-17
"https://www.treasurejuwelier.nl/aurore-ra25110020-emma-royal-18-karaat-gouden-ring-met-0,20-ct-lab-grown-diamant",2025-01-17
https://www.treasurejuwelier.nl/boss-hb1502739-hailey-horloge,2025-01-17
https://www.treasurejuwelier.nl/ringen/dames?on_sale=1&p=14,2025-01-17
https://www.treasurejuwelier.nl/885014-zilveren-schakelketting,2025-01-17
https://www.treasurejuwelier.nl/thoj2440-14k-gouden-hanger-saffier-diamant,2025-01-17
https://www.treasurejuwelier.nl/885508-zilveren-oorringen-rond,2025-01-17
https://www.treasurejuwelier.nl/excellent-jewelry-hm128012-14k-hanger,2025-01-17
https://www.treasurejuwelier.nl/885680-goudkleurige-oorhangers-swarovski,2025-01-17
https://www.treasurejuwelier.nl/jackie-jke24-450-vintage-pink-topaz-14k-gouden-oorknopjes,2025-01-17
https://www.treasurejuwelier.nl/danish-design-iv95q1251-akilia-dameshorloge-32-mm,2025-01-17
"https://www.treasurejuwelier.nl/aurore-ra15100030-emma-18-karaat-gouden-ring-met-0,30-ct-lab-grown-diamant",2025-01-17
https://www.treasurejuwelier.nl/excellent-jewelry-re101162-14k-gouden-zegelring,2025-01-17
https://www.treasurejuwelier.nl/885499-zilveren-oorknopjes-hartjes,2025-01-17
https://www.treasurejuwelier.nl/884215-14k-gouden-aanschuifring-bolletjes,2025-01-17
https://www.treasurejuwelier.nl/seiko-prospex-spb453j1-automaat-horloge,2025-01-17
"https://www.treasurejuwelier.nl/seiko-swr054p1-dameshorloge-28,4-mm",2025-01-17
https://www.treasurejuwelier.nl/boss-jewels-hbj1580336m-leren-jace-heren-armband-19-cm,2025-01-17
"https://www.treasurejuwelier.nl/treasure-collection-l202-14-karaat-gouden-ring-9,5-mm",2025-01-17
https://www.treasurejuwelier.nl/treasure-collection-tc-50726-14-karaat-witgouden-ring-met-0-25-ct-diamant,2025-01-17
"https://www.treasurejuwelier.nl/customer/account/login/referer/aHR0cHM6Ly93d3cudHJlYXN1cmVqdXdlbGllci5ubC9vb3JiZWxsZW4_b25fc2FsZT0xJnA9Mzgmdm9vcj01NA,,/",2025-01-17
https://www.treasurejuwelier.nl/horloges/garmin-venu_garmin?on_sale=1,2025-01-17
https://www.treasurejuwelier.nl/armbanden/14-karaat-goud?goudkleur=1622&p=10,2025-01-17
https://www.treasurejuwelier.nl/rebel-rose-rr-br032-s-demeter-small-zilveren-armband,2025-01-17
https://www.treasurejuwelier.nl/tc-881895-14-karaat-gouden-oorhangers-met-onyx,2025-01-17
https://www.treasurejuwelier.nl/treasure-collection-tc-42952-gouden-bedel-letter,2025-01-17
https://www.treasurejuwelier.nl/885001-14k-witgouden-hanger-saffier-diamant,2025-01-17
https://www.treasurejuwelier.nl/aurore-jewelry-ra16130040-sam-trouwring,2025-01-17
https://www.treasurejuwelier.nl/aurore-jewelry-ra16120060-jess-trouwring,2025-01-17
https://www.treasurejuwelier.nl/treasure-collection-tc-46156-14-karaat-gouden-massieve-armband-met-zilveren-kern-en-gourmetschakels-8-mm,2025-01-17
https://www.treasurejuwelier.nl/cp117077-14k-gouden-ketting,2025-01-17
https://www.treasurejuwelier.nl/silk-jewellery-149-fox-zilveren-damesarmband,2025-01-17
https://www.treasurejuwelier.nl/thoj0940-14k-gouden-slavenarmband-met-0-61-ct-diamant,2025-01-17
https://www.treasurejuwelier.nl/treasure-collection-tc-881815-14-karaat-witgouden-schakelarmband-venetiaans-18-cm,2025-01-17
https://www.treasurejuwelier.nl/thoj0648-14k-gouden-paperclip-schakelketting,2025-01-17
https://www.treasurejuwelier.nl/edc01-6524-shine-14k-oorknopjes,2025-01-17
https://www.treasurejuwelier.nl/treasure-collection-tc-881635-14-karaat-gouden-hanger-letter-5-5-mm,2025-01-17
https://www.treasurejuwelier.nl/885669-goudkleurige-oorhangers-zirkonia,2025-01-17
https://www.treasurejuwelier.nl/tc-882092-14k-gouden-singapore-schakelketting,2025-01-17
https://www.treasurejuwelier.nl/excellent-jewelry-rc107585-14-karaat-gouden-ring-gematteerd,2025-01-17
https://www.treasurejuwelier.nl/treasure-collection-tc-32569-9-karaat-gouden-ketting-venetiaans-0-9-mm,2025-01-17
https://www.treasurejuwelier.nl/thoj0911-14k-gouden-slavenarmband-ovaal,2025-01-17
https://www.treasurejuwelier.nl/884258-14k-gouden-kinderring-roze-zirkonia,2025-01-17
https://www.treasurejuwelier.nl/coeur-de-lion-4345-30-1216-festive-spheres,2025-01-17
https://www.treasurejuwelier.nl/884914-14k-gouden-hanger-blauw-topaas,2025-01-17
https://www.treasurejuwelier.nl/treasure-collection-tc-42735-zilveren-armband-zirkonia,2025-01-17
"https://www.treasurejuwelier.nl/excellent-jewelry-rg216203-14-karaat-witgouden-aanschuifring-2-mm-met-0,50-ct-diamant",2025-01-17
https://www.treasurejuwelier.nl/thoj3877-14k-gouden-schakelketting,2025-01-17
https://www.treasurejuwelier.nl/excellent-jewelry-rg416085-14k-bicolor-ring,2025-01-17
https://www.treasurejuwelier.nl/treasure-collection-tc-881596-14-karaat-gouden-zegelring-met-onyx-13-mm,2025-01-17
https://www.treasurejuwelier.nl/tc-882121-14k-gouden-figaro-schakelarmband,2025-01-17
https://www.treasurejuwelier.nl/lorus-rg262xx9-horloge,2025-01-17
https://www.treasurejuwelier.nl/treasure-collection-tc-43117-zilveren-bedel-muzieksleutel,2025-01-17
https://www.treasurejuwelier.nl/seiko-ssb447p1-chronograaf,2025-01-17
https://www.treasurejuwelier.nl/ringen/black-friday_dames_witgoud,2025-01-17
https://www.treasurejuwelier.nl/q658-14k-gouden-zilgold-ankerketting,2025-01-17
https://www.treasurejuwelier.nl/zinzi-mva22-mart-visser-zilveren-armband,2025-01-17
https://www.treasurejuwelier.nl/884826-zilveren-hanger-malachiet,2025-01-17
https://www.treasurejuwelier.nl/excellent-jewelry-rg336780-14-karaat-rosegouden-ring-met-morganiet-en-0-07-ct-diamant,2025-01-17
https://www.treasurejuwelier.nl/gisser-r101-zilveren-ring,2025-01-17
https://www.treasurejuwelier.nl/treasure-collection-tc-23010-zilveren-slavenarmband-10-mm,2025-01-17
https://www.treasurejuwelier.nl/seiko-sur311p1-herenhorloge-40-mm,2025-01-17
https://www.treasurejuwelier.nl/excellent-jewelry-rx437263-14k-bicolor-gouden-diamantring-met-saffier,2025-01-17
https://www.treasurejuwelier.nl/treasure-collection-tc-47321-zilveren-herencollier-met-koningsschakel-5-mm,2025-01-17
https://www.treasurejuwelier.nl/884937-14k-gouden-hanger-levensboom,2025-01-17
https://www.treasurejuwelier.nl/garmin-010-02906-11-fenix-8-sapphire-solar,2025-01-17
https://www.treasurejuwelier.nl/oorbellen/witte-steen,2025-01-17
https://www.treasurejuwelier.nl/bluerings-bu002-14k-bicolor-trouwringen,2025-01-17
https://www.treasurejuwelier.nl/treasure-collection-tc-42503-graveerhartje-voetjes,2025-01-17
https://www.treasurejuwelier.nl/treasure-collection-tc-48231-14-karaat-gouden-hanger-graveerhartje,2025-01-17
https://www.treasurejuwelier.nl/excellent-jewelry-rc407583-14k-bicolor-ring,2025-01-17
https://www.treasurejuwelier.nl/aurore-jewelry-ra16110050-bowie-trouwring,2025-01-17
https://www.treasurejuwelier.nl/breuning-42-03371-zilveren-bicolor-ring,2025-01-17
https://www.treasurejuwelier.nl/jacques-du-manoir-jwl02102-inspiration-classic-horloge,2025-01-17
https://www.treasurejuwelier.nl/aurore-jewelry-ra26120040-jess-trouwring,2025-01-17
https://www.treasurejuwelier.nl/885336-zilveren-paperclip-schakelarmband,2025-01-17
https://www.treasurejuwelier.nl/treasure-collection-tc-42953-gouden-bedel-letter,2025-01-17
https://www.treasurejuwelier.nl/885547-zilveren-oorringen-ronde-buis,2025-01-17
https://www.treasurejuwelier.nl/aurore-jewelry-ra26110050-bowie-trouwring,2025-01-17
https://www.treasurejuwelier.nl/silk-379-zipp-zilveren-armband,2025-01-17
https://www.treasurejuwelier.nl/ringen/groene-steen,2025-01-17
https://www.treasurejuwelier.nl/treasure-collection-tc-881291-14-karaat-gouden-hanger-met-kruisje-23-mm,2025-01-17
https://www.treasurejuwelier.nl/coeur-de-lion-4567-20-1300-sparkling-princess,2025-01-17
https://www.treasurejuwelier.nl/885715-14k-gouden-oorknopjes-parel,2025-01-17
https://www.treasurejuwelier.nl/884477-14k-gouden-ring-groen-aventurijn,2025-01-17
https://www.treasurejuwelier.nl/883812-14k-gouden-hanger-hartjes-zirkonia,2025-01-17
https://www.treasurejuwelier.nl/armbanden/zwarte-steen,2025-01-17
https://www.treasurejuwelier.nl/aurore-jewelry-ra16130060-sam-trouwring,2025-01-17
https://www.treasurejuwelier.nl/excellent-jewelry-cw137633-14k-gouden-ketting,2025-01-17
https://www.treasurejuwelier.nl/883936-14k-gouden-armband-roze-robijn-opaal,2025-01-17
https://www.treasurejuwelier.nl/breuning-97090-zilveren-bicolor-ring,2025-01-17
https://www.treasurejuwelier.nl/zir2399-zilveren-cross-over-ring,2025-01-17
https://www.treasurejuwelier.nl/trouwringen/ja,2025-01-17
https://www.treasurejuwelier.nl/treasure-collection-tc-881447-zilveren-gourmet-heren-armband-8-mm,2025-01-17
https://www.treasurejuwelier.nl/thoj1173-14k-witgouden-verlovingsring-diamant,2025-01-17
https://www.treasurejuwelier.nl/gisser-r076t-zilveren-tricolor-ring,2025-01-17
https://www.treasurejuwelier.nl/885733-14k-gouden-oorringen-lapide,2025-01-17
https://www.treasurejuwelier.nl/thoj0810-14k-gouden-armband,2025-01-17
https://www.treasurejuwelier.nl/rebel-rose-rr-br026-s-hermes-small-zilveren-armband,2025-01-17
https://www.treasurejuwelier.nl/tc-882177-14k-gouden-met-zilveren-kern-slavenarmband-recht,2025-01-17
https://www.treasurejuwelier.nl/excellent-jewelry-rg216369-14-karaat-witgouden-ring-met-0-51-ct-diamant,2025-01-17
https://www.treasurejuwelier.nl/excellent-jewelry-rg117331-14k-gouden-ring-hartjes-met-diamant,2025-01-17
https://www.treasurejuwelier.nl/tc-53528-zilveren-collier-met-parels,2025-01-17
https://www.treasurejuwelier.nl/treasure-collection-tc-881618-14-karaat-gouden-amethyst-hanger-10-5-mm,2025-01-17
https://www.treasurejuwelier.nl/excellent-jewelry-or106829-14k-gouden-oorringen,2025-01-17
https://www.treasurejuwelier.nl/treasure-collection-tc-881572-14-karaat-gouden-zegelring,2025-01-17
https://www.treasurejuwelier.nl/armbanden/schakelarmband_14-karaat-goud-met-zilveren-kern,2025-01-17
https://www.treasurejuwelier.nl/treasure-collection-tc-5000115-geelgouden-collier-met-zilveren-kern,2025-01-17
https://www.treasurejuwelier.nl/884309-zilveren-ring-gematteerd,2025-01-17
https://www.treasurejuwelier.nl/thoj1795-14k-bicolor-gouden-verlovingsring-diamant,2025-01-17
"https://www.treasurejuwelier.nl/excellent-jewelry-rg416995-14-karaat-gouden-ring-met-0,54-ct-diamant",2025-01-17
https://www.treasurejuwelier.nl/aurore-jewelry-ra16120050-jess-trouwring,2025-01-17
https://www.treasurejuwelier.nl/kettingen/dames_zilver?p=2,2025-01-17
https://www.treasurejuwelier.nl/ringen/roze-steen,2025-01-17
https://www.treasurejuwelier.nl/883258-zilveren-medaillon-ovaal,2025-01-17
https://www.treasurejuwelier.nl/treasure-collection-tc-24641-zilveren-herencollier-met-platte-koningsschakel-7-5-mm,2025-01-17
https://www.treasurejuwelier.nl/breuning-44-01402-zilveren-ring,2025-01-17
https://www.treasurejuwelier.nl/885239-14k-gouden-gourmet-schakelketting,2025-01-17
https://www.treasurejuwelier.nl/885227-14k-gouden-vossenstaart-basisketting,2025-01-17
https://www.treasurejuwelier.nl/tommy-hilfiger-th1792133,2025-01-17
https://www.treasurejuwelier.nl/boss-hb1514195-skytraveller,2025-01-17
https://www.treasurejuwelier.nl/thoj3386-18k-gouden-ring-diamant,2025-01-17
https://www.treasurejuwelier.nl/lorus-r2351px9-digitaal-horloge,2025-01-17
https://www.treasurejuwelier.nl/tc-882290-zilveren-oorhangers-met-zirkonia,2025-01-17
https://www.treasurejuwelier.nl/swing-jewels-rmdb01-1928-03-entourage-14k-gouden-ring-met-zirkonia,2025-01-17
https://www.treasurejuwelier.nl/swing-jewels-rdc01-4309-happiness-14k-gouden-ring-met-zirkonia,2025-01-17
https://www.treasurejuwelier.nl/excellent-jewelry-rp216914-14k-witgouden-ring,2025-01-17
https://www.treasurejuwelier.nl/tc-882132-14-karaat-gouden-vossenstaart-ketting,2025-01-17
https://www.treasurejuwelier.nl/jackie-jke22-263-dentelle-oorringen,2025-01-17
https://www.treasurejuwelier.nl/silk-jewellery-854blk-bold-zilver-en-leren-armband-7-mm,2025-01-17
https://www.treasurejuwelier.nl/885955-14k-witgouden-oorknopjes-blauw-saffier,2025-01-17
https://www.treasurejuwelier.nl/thoj3830-14k-gouden-paperclip-schakelarmband,2025-01-17
https://www.treasurejuwelier.nl/treasure-collection-m003-14-karaat-gouden-ketting-rondjes,2025-01-17
https://www.treasurejuwelier.nl/zio2221g-goudkleurige-oorringen-ovaal,2025-01-17
https://www.treasurejuwelier.nl/treasure-collection-tc-43752-14-karaat-gouden-ring-met-0-05-ct-diamant,2025-01-17
https://www.treasurejuwelier.nl/lelune-llnk290-18k-witgouden-parelcollier,2025-01-17
https://www.treasurejuwelier.nl/armbanden/kinderen_naamplaat-armband?is_new=1&on_sale=1,2025-01-17
https://www.treasurejuwelier.nl/excellent-jewelry-rp416630-14-karaat-bicolor-gouden-ring-met-0-45-ct-diamant,2025-01-17
https://www.treasurejuwelier.nl/885223-14k-gouden-venetiaanse-basisketting,2025-01-17
https://www.treasurejuwelier.nl/885002-14k-witgouden-hanger-kruisje,2025-01-17
https://www.treasurejuwelier.nl/n1078-zilveren-oorringen-gediamanteerd,2025-01-17
https://www.treasurejuwelier.nl/884507-14k-gouden-ring-gedraaid,2025-01-17
https://www.treasurejuwelier.nl/884493-zilveren-zegelring-massief-onyx,2025-01-17
https://www.treasurejuwelier.nl/swje10223-y14-pearl-14k-oorknopjes,2025-01-17
https://www.treasurejuwelier.nl/excellent-jewelry-rk117700-14k-gouden-ring,2025-01-17
https://www.treasurejuwelier.nl/boccia-titanium-0129-02-bicolor-ring,2025-01-17
https://www.treasurejuwelier.nl/rauschmayer-rm-06-14-k-trouwringen-met-0-18-ct-diamant-2,2025-01-17
https://www.treasurejuwelier.nl/treasure-collection-tc-42668-ketting-venetiaans-1-6-mm,2025-01-17
https://www.treasurejuwelier.nl/boss-hb1502745-lida-horloge,2025-01-17
https://www.treasurejuwelier.nl/883992-14k-bicolor-gouden-klapcreolen,2025-01-17
https://www.treasurejuwelier.nl/885381-14k-gouden-graveerarmbandje-gourmet,2025-01-17
https://www.treasurejuwelier.nl/thoj3378-18k-gouden-verlovingsring-diamant,2025-01-17
https://www.treasurejuwelier.nl/884492-zilveren-zegelring-massief-lapis,2025-01-17
https://www.treasurejuwelier.nl/boss-hb1513908-admiral-chronograaf,2025-01-17
https://www.treasurejuwelier.nl/884935-14k-gouden-graveerhanger-ovaal,2025-01-17
https://www.treasurejuwelier.nl/treasure-collection-tc-30247-14-karaat-geelgouden-slavenarmband-met-zilveren-kern-7-mm,2025-01-17
https://www.treasurejuwelier.nl/thoj3243-14k-gouden-schakelarmband-anker,2025-01-17
https://www.treasurejuwelier.nl/treasure-collection-tc-42091-gouden-graveerarmband-met-hartje,2025-01-17
https://www.treasurejuwelier.nl/883447-zilveren-manchetknopen-gediamanteerd,2025-01-17
https://www.treasurejuwelier.nl/treasure-collection-tc-51510-14-karaat-gouden-zilgold-schakelarmband-anker-19-cm,2025-01-17
https://www.treasurejuwelier.nl/thoj2850-14k-gouden-ring-amethist,2025-01-17
https://www.treasurejuwelier.nl/treasure-collection-tc-52216-14-karaat-gouden-schakelarmband-anker-16-18-cm-k072,2025-01-17
https://www.treasurejuwelier.nl/treasure-collection-tc-8243-gouden-ketting-gourmet-1-2-mm,2025-01-17
https://www.treasurejuwelier.nl/treasure-collection-tc-49372-14-karaat-gouden-klapcreolen-4-mm,2025-01-17
https://www.treasurejuwelier.nl/jacques-du-manoir-nro.20-inspiration-horloge,2025-01-17
https://www.treasurejuwelier.nl/zinzi-zich2446-zilveren-oorbedels,2025-01-17
https://www.treasurejuwelier.nl/884254-zilveren-graveerring,2025-01-17
https://www.treasurejuwelier.nl/883896-14k-gouden-armband-hartjes,2025-01-17
https://www.treasurejuwelier.nl/884654-zilveren-oorringen,2025-01-17
https://www.treasurejuwelier.nl/885825-14k-gouden-oorringen,2025-01-17
https://www.treasurejuwelier.nl/treasure-collection-r259-zilveren-slavenarmband,2025-01-17
https://www.treasurejuwelier.nl/885800-14k-gouden-oorhangers-cirkels,2025-01-17
https://www.treasurejuwelier.nl/aurore-jewelry-ra16110030-bowie-trouwring,2025-01-17
https://www.treasurejuwelier.nl/885653-goudkleurige-oorringen,2025-01-17
https://www.treasurejuwelier.nl/excellent-jewelry-rx137264-14k-gouden-diamantring-met-saffier,2025-01-17
https://www.treasurejuwelier.nl/silk-248-dua-zilveren-armband,2025-01-17
https://www.treasurejuwelier.nl/seiko-prospex-srpe99k1-automatic-special-edition,2025-01-17
https://www.treasurejuwelier.nl/treasure-collection-tc-49568-14-karaat-gouden-graveerarmband-5-mm,2025-01-17
https://www.treasurejuwelier.nl/treasure-collection-tc-42465-zilveren-creolen-voor-creoolhangers,2025-01-17
https://www.treasurejuwelier.nl/silk-jewellery-275blk-chevron-leren-armband-6-mm,2025-01-17
https://www.treasurejuwelier.nl/thoj0701-14k-gouden-anker-schakelketting,2025-01-17
https://www.treasurejuwelier.nl/treasure-collection-tc-49159-14-karaat-gouden-oorringen-gedraaide-buis-2-mm,2025-01-17
https://www.treasurejuwelier.nl/horloges?p=10,2025-01-17
https://www.treasurejuwelier.nl/thoj3579-14k-gouden-schakelketting,2025-01-17
https://www.treasurejuwelier.nl/excellent-jewelry-rc107598-14-karaat-gouden-ring-gematteerd,2025-01-17
https://www.treasurejuwelier.nl/884462-14k-gouden-ring-lab-grown-robijn,2025-01-17
https://www.treasurejuwelier.nl/excellent-jewelry-cp117656-14k-gouden-ketting,2025-01-17
https://www.treasurejuwelier.nl/boccia-0130-01-titanium-ring,2025-01-17
https://www.treasurejuwelier.nl/treasure-collection-tc-2051-gouden-figaro-ketting,2025-01-17
https://www.treasurejuwelier.nl/boss-hb1502775-majesty-sport,2025-01-17
https://www.treasurejuwelier.nl/excellent-jewelry-rk117345-14k-gouden-rijring-met-diamant,2025-01-17
https://www.treasurejuwelier.nl/zga115-14k-armband-met-open-rondjes,2025-01-17
https://www.treasurejuwelier.nl/883993-14k-klapcreolen,2025-01-17
https://www.treasurejuwelier.nl/884699-zilveren-hanger-ankh-kruisje,2025-01-17
https://www.treasurejuwelier.nl/884261-14k-gouden-kinderring-rode-koraal,2025-01-17
https://www.treasurejuwelier.nl/swing-jewels-swce10206-y12-oorknopjes,2025-01-17
https://www.treasurejuwelier.nl/excellent-jewelry-hb127856-14k-hanger,2025-01-17
https://www.treasurejuwelier.nl/tc-882180-14k-gouden-met-zilveren-kern-slavenarmband-ovaal,2025-01-17
https://www.treasurejuwelier.nl/horloges?p=9,2025-01-17
https://www.treasurejuwelier.nl/884225-14k-gouden-aanschuifring-rijzetting-zirkonia,2025-01-17
https://www.treasurejuwelier.nl/treasure-collection-tc-38982-bicolor-armband-met-zilveren-kern-en-gourmet-schakel,2025-01-17
https://www.treasurejuwelier.nl/884788-zilveren-hanger-hart-infinity,2025-01-17
https://www.treasurejuwelier.nl/horloges/10-atm-10-bar-100-meter?overige_functies=143,2025-01-17
https://www.treasurejuwelier.nl/horloges?p=7,2025-01-17
https://www.treasurejuwelier.nl/884494-zilveren-zegelring-massief-onyx,2025-01-17
https://www.treasurejuwelier.nl/ringen/zegelring?is_new=1&on_sale=1&p=2,2025-01-17
https://www.treasurejuwelier.nl/oorbellen?am_on_sale=1,2025-01-17
https://www.treasurejuwelier.nl/thoj1499-14-karaat-bicolor-gouden-hanger-met-saffier-met-diamant,2025-01-17
https://www.treasurejuwelier.nl/treasure-collection-tc-8827-gouden-davidster,2025-01-17
https://www.treasurejuwelier.nl/884271-14k-gouden-ring,2025-01-17
https://www.treasurejuwelier.nl/treasure-collection-tc-46205-gerhodineerd-zilveren-ring,2025-01-17
https://www.treasurejuwelier.nl/silk-jewellery-241-breeze-zilveren-armband,2025-01-17
https://www.treasurejuwelier.nl/883416-14k-gouden-ring-gevlochten,2025-01-17
https://www.treasurejuwelier.nl/884982-14k-gouden-hanger-hartje-diamant,2025-01-17
https://www.treasurejuwelier.nl/883978-zilveren-jasseron-ketting-ovaal-zirkonia,2025-01-17
https://www.treasurejuwelier.nl/breuning-44-01458-zilveren-ring,2025-01-17
https://www.treasurejuwelier.nl/treasure-collection-tc-6713-gouden-klaver-vier,2025-01-17
"https://www.treasurejuwelier.nl/aurore-ra25600050-alix-18-karaat-gouden-ring-met-0,50-ct-lab-grown-diamant",2025-01-17
https://www.treasurejuwelier.nl/883882-14k-gouden-armband-hart,2025-01-17
https://www.treasurejuwelier.nl/horloges/10-atm-10-bar-100-meter,2025-01-17
https://www.treasurejuwelier.nl/ringen/ring-zonder-steen?is_new=1&on_sale=1&p=2,2025-01-17
https://www.treasurejuwelier.nl/treasure-collection-tc-26667-zilveren-koningsketting,2025-01-17
https://www.treasurejuwelier.nl/treasure-collection-tc-881342-14-karaat-witgouden-hanger-kruis-21-mm,2025-01-17
https://www.treasurejuwelier.nl/treasure-collection-tc-881779-9-karaat-baby-graveerarmbandje-met-hartje-4-mm,2025-01-17
https://www.treasurejuwelier.nl/883894-14k-gouden-armband-hartje,2025-01-17
https://www.treasurejuwelier.nl/tommy-hilfiger-th1710679-bruce,2025-01-17
https://www.treasurejuwelier.nl/thoj2670-14k-gouden-klapcreolen,2025-01-17
https://www.treasurejuwelier.nl/ringen/heren,2025-01-17
https://www.treasurejuwelier.nl/silk-jewellery-371-shiva-zilveren-armband,2025-01-17
https://www.treasurejuwelier.nl/treasure-collection-tc-37023-gouden-graveerarmband-met-poli-afwerking-en-hartje,2025-01-17
https://www.treasurejuwelier.nl/treasure-collection-tc-42574-zilveren-bedel-meisje,2025-01-17
https://www.treasurejuwelier.nl/treasure-collection-tc-32567-9-karaat-gouden-ketting-venetiaans-0-7-mm,2025-01-17
https://www.treasurejuwelier.nl/kettingen/palmier-schakel,2025-01-17
https://www.treasurejuwelier.nl/885115-14k-gouden-ketting-hanger-infinity,2025-01-17
https://www.treasurejuwelier.nl/breuning,2025-01-17
https://www.treasurejuwelier.nl/delve-jewellery,2025-01-17
https://www.treasurejuwelier.nl/swing-jewels-rmdb01-1900-02-entourage-14k-gouden-ring-met-zirkonia,2025-01-17
https://www.treasurejuwelier.nl/treasure-collection-tc-3588-zilveren-jasseron-collier,2025-01-17
https://www.treasurejuwelier.nl/treasure-collection-tc-45624-zilveren-collier-jasseron-3-0-mm,2025-01-17
https://www.treasurejuwelier.nl/garmin-010-02905-11-fenix-8-amoled-sapphire-titanium,2025-01-17
https://www.treasurejuwelier.nl/tc-882049-14k-gouden-armbandje-met-naam-hart-1,2025-01-17
https://www.treasurejuwelier.nl/treasure-collection-tc-881770-14-karaat-gouden-klapcreolen-2-mm,2025-01-17
https://www.treasurejuwelier.nl/excellent-jewelry-rg413913-14-karaat-gouden-ring-met-0-05-ct-diamant,2025-01-17
https://www.treasurejuwelier.nl/treasure-collection-tc-49569-14-karaat-gouden-graveerarmband-met-hartje-5-mm,2025-01-17
"https://www.treasurejuwelier.nl/excellent-jewelry-rp116394-14-karaat-gouden-ring-3,1-mm-met-0,14-ct-diamant",2025-01-17
https://www.treasurejuwelier.nl/thoj3855-14k-gouden-collier,2025-01-17
https://www.treasurejuwelier.nl/excellent-jewelry-he727705-14k-tricolor-gouden-hanger,2025-01-17
https://www.treasurejuwelier.nl/danish-design-iv15q1298-marie-gold-leer,2025-01-17
https://www.treasurejuwelier.nl/zinzi-ziw1147-julia-horloge,2025-01-17
https://www.treasurejuwelier.nl/treasure-collection-tc-33599-9-karaat-gouden-baby-naamplaat-armband-hartje,2025-01-17
https://www.treasurejuwelier.nl/coeur-de-lion-4524-30-1116-geocube-chunky-chain,2025-01-17
https://www.treasurejuwelier.nl/jkb21.083-14k-bahia-oval-armband,2025-01-17
https://www.treasurejuwelier.nl/treasure-collection-tc-50364-14-karaat-gouden-ketting-met-parel-41-45-cm,2025-01-17
https://www.treasurejuwelier.nl/excellent-jewelry-rx117276-14k-gouden-ring-gedraaid-met-diamant,2025-01-17
https://www.treasurejuwelier.nl/883641-zilveren-ring-met-saffier-en-zirkonia-halo,2025-01-17
https://www.treasurejuwelier.nl/silk-jewellery-155-alpha-zilveren-herenarmband-met-leer,2025-01-17
https://www.treasurejuwelier.nl/885741-14k-gouden-oorringen-vierkant,2025-01-17
https://www.treasurejuwelier.nl/treasure-collection-tc-881324-14-karaat-gouden-hanger-uil-met-zirkonia-9-mm,2025-01-17
https://www.treasurejuwelier.nl/883963-14k-gouden-graveerarmbandje-vlinder,2025-01-17
https://www.treasurejuwelier.nl/rdc11-4287-14k-ring,2025-01-17
https://www.treasurejuwelier.nl/horloges/tommy-hilfiger_dames,2025-01-17
"https://www.treasurejuwelier.nl/aurore-ra15010020-olivia-18-karaat-gouden-ring-met-0,20-ct-lab-grown-diamant",2025-01-17
https://www.treasurejuwelier.nl/armbanden/parelmoer-1,2025-01-17
https://www.treasurejuwelier.nl/seiko-prospex-ssc819p1,2025-01-17
https://www.treasurejuwelier.nl/tc-882182-14k-gouden-met-zilveren-kern-slavenarmband-ovaal,2025-01-17
https://www.treasurejuwelier.nl/885417-satijnkoord-armbandje-zwart-14k-goud,2025-01-17
https://www.treasurejuwelier.nl/excellent-jewelry-rg415780-14k-bicolor-crossover-ring,2025-01-17
https://www.treasurejuwelier.nl/885782-14k-gouden-oorknopjes-amethist,2025-01-17
https://www.treasurejuwelier.nl/zinzi-zio186-zilveren-oorringen,2025-01-17
https://www.treasurejuwelier.nl/jke20.014-14k-triangle-saffier-oorknopjes,2025-01-17
https://www.treasurejuwelier.nl/excellent-jewelry-rx117248-14k-gouden-ring-gedraaid-met-diamant,2025-01-17
https://www.treasurejuwelier.nl/thoj2926-14k-gouden-klapcreolen,2025-01-17
https://www.treasurejuwelier.nl/zinzi-mvo16-mart-visser-zilveren-oorringen,2025-01-17
https://www.treasurejuwelier.nl/883357-14k-gouden-vintage-ring,2025-01-17
https://www.treasurejuwelier.nl/883883-14k-witgouden-armband-hartje,2025-01-17
https://www.treasurejuwelier.nl/excellent-jewelry-rh417749-14k-bicolor-ring,2025-01-17
https://www.treasurejuwelier.nl/treasure-collection-p199-zilveren-collier-met-parels,2025-01-17
https://www.treasurejuwelier.nl/treasure-collection-tc-47322-zilveren-herencollier-met-koningsschakel-6-mm,2025-01-17
https://www.treasurejuwelier.nl/treasure-collection-tc-42931-gouden-hanger-parel-en-zirkonia,2025-01-17
https://www.treasurejuwelier.nl/treasure-collection-tc-52152-14-karaat-gouden-zilgold-oorringen-met-zilveren-kern-2-5-mm,2025-01-17
https://www.treasurejuwelier.nl/garmin-010-02903-11-fenix-8-amoled-sapphire,2025-01-17
https://www.treasurejuwelier.nl/885761-14k-gouden-oorknopjes-bolletje,2025-01-17
https://www.treasurejuwelier.nl/jacques-du-manoir-jwl01206-inspiration-horloge-31-mm,2025-01-17
https://www.treasurejuwelier.nl/lorus-rj284bx9-horloge,2025-01-17
https://www.treasurejuwelier.nl/excellent-jewelry-rg414602-14k-bicolor-ring,2025-01-17
https://www.treasurejuwelier.nl/884116-14k-hanger-geboortebloem-juli,2025-01-17
https://www.treasurejuwelier.nl/swarovski,2025-01-17
https://www.treasurejuwelier.nl/horloges/heren?goudkleur=1622&overige_functies=133,2025-01-17
"https://www.treasurejuwelier.nl/customer/account/login/referer/aHR0cHM6Ly93d3cudHJlYXN1cmVqdXdlbGllci5ubC9vb3JiZWxsZW4_b25fc2FsZT0xJnN0ZWVua2xldXI9Mjk3OQ,,/",2025-01-17
https://www.treasurejuwelier.nl/885393-14k-gouden-schakelarmband,2025-01-17
https://www.treasurejuwelier.nl/treasure-collection-tc-881303-14-karaat-gouden-hanger-kruis-met-0-01-ct-diamant,2025-01-17
https://www.treasurejuwelier.nl/treasure-collection-tc-881502-14-karaat-witgouden-gourmet-ketting-1-2-mm,2025-01-17
https://www.treasurejuwelier.nl/excellent-jewelry-rg117319-14k-gouden-jaarring-2023-met-diamant,2025-01-17
https://www.treasurejuwelier.nl/seiko-prospex-srph75k1,2025-01-17
https://www.treasurejuwelier.nl/tc-20128-zilveren-kruisje,2025-01-17
https://www.treasurejuwelier.nl/thoj2009-14-karaat-bi-color-gouden-robijn-ring-met-diamant,2025-01-17
https://www.treasurejuwelier.nl/swing-jewels-rdc01-4299-happiness-14k-gouden-ring-met-zirkonia,2025-01-17
https://www.treasurejuwelier.nl/thoj0653-14k-gouden-paperclip-schakelarmband,2025-01-17
https://www.treasurejuwelier.nl/883485-14k-gouden-hanger-geboortesteen-mei,2025-01-17
https://www.treasurejuwelier.nl/treasure-collection-tc-881535-zilveren-broche-48-5-mm,2025-01-17
https://www.treasurejuwelier.nl/treasure-collection-tc-37301-gouden-armband-met-koord-schakel,2025-01-17
https://www.treasurejuwelier.nl/zinzi-ziw1734-square-mini-horloge-22-mm,2025-01-17
https://www.treasurejuwelier.nl/armbanden,2025-01-17
https://www.treasurejuwelier.nl/tc-881882-14-karaat-gouden-armband-met-robijn,2025-01-17
https://www.treasurejuwelier.nl/thoj0798-14k-gouden-tennisarmband-met-diamant,2025-01-17
https://www.treasurejuwelier.nl/rg-046-027-14k-gouden-asring-met-diamant-en-hars,2025-01-17
https://www.treasurejuwelier.nl/boccia-titanium-0334-01-schakelarmband,2025-01-17
https://www.treasurejuwelier.nl/885585-zilveren-oorringen,2025-01-17
https://www.treasurejuwelier.nl/882565-14k-rosegouden-klapcreolen,2025-01-17
https://www.treasurejuwelier.nl/rr-pd012-s-tag-small-zilveren-hanger,2025-01-17
"https://www.treasurejuwelier.nl/seiko-prospex-spb143j1-automatisch-herenhorloge-40,5-mm",2025-01-17
https://www.treasurejuwelier.nl/lorus-rg247wx9-horloge,2025-01-17
https://www.treasurejuwelier.nl/883888-14k-gouden-armband-hartjes,2025-01-17
https://www.treasurejuwelier.nl/treasure-collection-tc-41457-14-karaat-witgouden-slavenarmband-met-zilveren-kern-4-mm,2025-01-17
https://www.treasurejuwelier.nl/885405-14k-gouden-schakelarmband,2025-01-17
https://www.treasurejuwelier.nl/883959-14k-gouden-graveerarmbandje-hartje,2025-01-17
https://www.treasurejuwelier.nl/zinzi-zich2257g-goudkleurige-oorbedels-met-onyx-en-parelmoer,2025-01-17
https://www.treasurejuwelier.nl/treasure-collection-l532-14-karaat-gouden-ketting-met-rondje-gediamanteerd-40-44-cm,2025-01-17
https://www.treasurejuwelier.nl/see-you-bl-016-s-zilveren-klaver-armband-met-moedermelk,2025-01-17
"https://www.treasurejuwelier.nl/customer/account/login/referer/aHR0cHM6Ly93d3cudHJlYXN1cmVqdXdlbGllci5ubC9yaW5nZW4_cD0yJnNpZXJhYWR0eXBlPTI5NjglMkM3Mg,,/",2025-01-17
https://www.treasurejuwelier.nl/excellent-jewelry-rg217339-14k-witgouden-ring-met-diamant,2025-01-17
https://www.treasurejuwelier.nl/885290-zilveren-graveerarmband-gourmet,2025-01-17
https://www.treasurejuwelier.nl/treasure-collection-tc-39703-14-karaat-bicolor-gouden-armband,2025-01-17
https://www.treasurejuwelier.nl/g-shock-gwg-b1000-1aer-mudmaster-solar-kompas-horloge,2025-01-17
https://www.treasurejuwelier.nl/884873-14k-gouden-hanger-kruisje,2025-01-17
https://www.treasurejuwelier.nl/sif-jakobs-sj-p2391-gbl-felline-concavo-ketting-blauwe-zirkonia,2025-01-17
https://www.treasurejuwelier.nl/excellent-jewelry-rc427801-14k-bicolor-solitair-ring,2025-01-17
https://www.treasurejuwelier.nl/oorbellen/oorknopjes_goud,2025-01-17
https://www.treasurejuwelier.nl/garonne-kq29q475-sport-digital-kinderhorloge-analoog-digitaal,2025-01-17
https://www.treasurejuwelier.nl/884009-14k-oorknopjes-vlinder,2025-01-17
"https://www.treasurejuwelier.nl/aurore-ra15300030-ivy-18-karaat-gouden-ring-met-0,30-ct-lab-grown-diamant",2025-01-17